,0,1,2,3,4,5,6,7,8,9,10,11,12,13,14,15,16,17,18,19,20,21,22,23,24,25,26,27,28,29,30,31
0,እንደዛ,ሰውዬ,አይቦልኩም,,,,,,,,,,,,,,,,,,,,,,,,,,,,,
1,መገናኛ,ብዙ,አባል,ደምቢዶሎ,የታገቱ,ኢትዮጵያዊ,ድምጽ,ጥር,በአአ,ተደረገ,ሰላማዊ,ሰልፍ,ተመለከተ,አበረ,ኮሚቴ,ነገ,ጥር,ከርፕፋዱ,መስቀል,ፍላወር,ሆቴል,ጋዜጣዊ,ገለጸ,ሰጠ,,,,,,,,
2,እምወድሽ,ሳሳ,እናት,ሀገር,አረንጓዴ,ኣ,መሀል,ደሞ,ቢጫ,እስር,ደሞ,ቀላ,እቃ,ሁሌም,ደመቀ,ፈለገ,,,,,,,,,,,,,,,,
3,ቤት,ከፈለ,ጨረሰ,ውለታ,አለበ,ከተማ,አይነት,ቤት,ኖረ,ምኞት,,,,,,,,,,,,,,,,,,,,,,
4,ልሙጥ,ደገመ,ተደረገ,በአል,,,,,,,,,,,,,,,,,,,,,,,,,,,,
5,ብልጽግና,ፈለገ,አንእቦራጨቅም,ድጋሚ,የህውሃት,ኛ,ጉባኤ,,,,,,,,,,,,,,,,,,,,,,,,,
6,ጽንፈኛ,ተመለከተ,ብልጽግና,አስተማረ,ከካድሬ,ስራ,ጊዜ,አገደ,,,,,,,,,,,,,,,,,,,,,,,,
7,"""ኦሮሞ",ሚባል,ግሩፕ,"አለ""",የግሩፑን,አባል,አወቀ,መልካ,ንቀት,ደበቀ,ቻለ,,,,,,,,,,,,,,,,,,,,,
8,ለም,ሙስሊም,ሴት,ፎቶ,ፈለገ,ሃ,ሃ,ሃ,ወደደ,መሰለ,ወይስ,ሙስሊም,አሉ,,,,,,,,,,,,,,,,,,,
9,ፈራ,ተጠቃ,ምርምር,ማስታወሻ,ነባ,,,,,,,,,,,,,,,,,,,,,,,,,,,
10,ፍቅር,አወቀ,መኪና,ተቃጠለ,,,,,,,,,,,,,,,,,,,,,,,,,,,,
11,ባለምስጋና,ድንግል,ተመሰገነ,ተቻለ,ፈጠረ,ማህጸን,ወሰነ,ቅድስት,ድንግል,ማርያ,አእምሮ,ሀሳብ,ከፍ,ተአምራዊ,ንግስት,ግን,ዘለአለም,ተገኘ,ነፍስ,ስጋ,አምላክ,ተወሀደ,ብቸኛ,እናት,,,,,,,,
12,ህውን,አበረ,ደረሰ,አሜን,,,,,,,,,,,,,,,,,,,,,,,,,,,,
13,እብድ,ጠቀሰ,አበደ,ጀመረ,,,,,,,,,,,,,,,,,,,,,,,,,,,,
14,አገር,ምድር,ከተከተ,ክትክታ,,,,,,,,,,,,,,,,,,,,,,,,,,,,
15,"""",አምና,ቀን,አማ,አፍ,ለከት,የለው,ዘንድሮ,ባሰ,እጅ,"""",ስነቃል,ለኢልቦለድ,ጽሁፍ,ሶፍት,ስፓት,ነባ,ተረፈ,ወዳጅ,ምክረ,,,,,,,,,,,,
16,በግለሰባዊ,ስብእናቸው,ጻፈ,ጻፈ,ፈጠረ,ስርአት,አግላይነት,ትኩረት,አካታችነት,አግላይነትን,አየ,ብዙ,ጽሁፍ,መነሻ,ስር,,,,,,,,,,,,,,,,,
17,ባልደራስ,ጥር,አዲስ,አበባ,ገለልተኛ,አካል,ለተጠራዉ,ሰላማዊ,ሰልፍ,ድጋፍ,ሰጠ,,,,,,,,,,,,,,,,,,,,,
18,ገረመ,ብርድ,,,,,,,,,,,,,,,,,,,,,,,,,,,,,,
19,ሀሳብ,አወቀ,ቃል,አነሰ,ችግር,በቃ,ነብር,ኤድቷን,በትኖርልን,ጥሩ,ያሬድዬ,,,,,,,,,,,,,,,,,,,,,
20,ያኛው,ኢህአዴግ,ልማት,ተደናቀፈ,ተወ,ሙሰኞች,አሉ,ይሄኛው,ኢህአዴግ,ደገመ,አገር,ደህንነት,ዝም,መአት,ሙሰኞች,አሉ,አገር,ደህና,,,,,,,,,,,,,,
21,እንትን,ፋብሪካ,ሰራተኛ,ተደረገ,በአል,ዝግጅት,ጭልት,ፖለቲካ,ማህበራዊ,ፍልስፍና,ተነተነ,በአል,ልዩ,ዝግጅት,ድርግ,ሽግግር,ጣመ,,,,,,,,,,,,,,,
22,አስራት,ወደደ,ጠቀሰ,ፈለገ,ግለሰብ,አስራት,ሚዲያ,ሺ,ብር,ገባ,ድርግ,ከልብ,ተመሰገነ,,,,,,,,,,,,,,,,,,,
23,"""የአልዛይመር",ሽታ,ህሙማን,ማህበር,ጠቅላላ,ጉባኤ,"""የመርሳት",ሽታ,"የለም""","አጸደቀ""",ገለጸ,ጠላ,,,,,,,,,,,,,,,,,,,,
24,ድል,ዴሞክራሲያ,,,,,,,,,,,,,,,,,,,,,,,,,,,,,,
25,ደመና,ልክ,ሄደ,ቀን,ብሩህ,,,,,,,,,,,,,,,,,,,,,,,,,,,
26,ማህበረ,ቅዱስ,ደረሰ,ሙስሊም,ሀገር,የማዉደም,ዘመቻ,ድርጅት,ሚና,,,,,,,,,,,,,,,,,,,,,,,
27,ሰሊናዬ,አኞ,ቃል,መጣ,መሰለ,አለቀ,በዛ,,,,,,,,,,,,,,,,,,,,,,,,,
28,እንዴ,ለካ,ዝም,ብየ,ወያናዎችና,ልጆጃቸው,የነብርኩ,ኤርትራ,የባህርዳርጎንደርኣዲስ,ኣበባኣዋሳባጭሩ,የኢትዮጲያ,ኢሱ,ጠራ,ፕረሲደንት,ህዝብ,ትላለ,,,,,,,,,,,,,,,,
29,ነገርማ,ተወራ,አዲሴ,ሰቃይ,ኸረ,ይቅርታ,ገባ,,,,,,,,,,,,,,,,,,,,,,,,,
30,በዚህኛው,ገና,ሚዲያ,የታዘብኩት,የሳንታ,ክሎስ,ፊቸሮች,ፕሮግራም,ማስታወቂያ,በረከተ,አየ,ድንቁርና,ድርግ,ሄደ,እንጭጭ,መቀጨት,ኖረ,,,,,,,,,,,,,,,
31,ታኬ,በረታ,አውራ,ስር,ለሀገራቹ,ሰርታቹም,እያሳያቹን,ዶር,አብይ,ኢር,ታከለ,ጀግና,ናቹ,መታ,ታሪክ,አይረሳቹም,,,,,,,,,,,,,,,,
32,"""ጊዜ","ለኩሉ""",ተባለ,የለ,,,,,,,,,,,,,,,,,,,,,,,,,,,,
33,ግን,ትልቅ,ሰይጣን,ደባርቅ,ትል,ሃ,ሃ,,,,,,,,,,,,,,,,,,,,,,,,,
34,አካል,ግን,ወከለ,አድራሻ,ስልጣን,ደረጃ,አወቀ,ግልጽ,,,,,,,,,,,,,,,,,,,,,,,,
35,ይች,ከኢራኑ,ዘመቻ,መሸ,መጣ,ምክኒያት,,,,,,,,,,,,,,,,,,,,,,,,,,
36,ቀራኒዮአምቦ,መውጫ,መንገድ,ካዲስኮ,ቀለም,ፋብሪካክራውን,ሆቴል,አለምጸሀይ,ሸጎሌ,መንገድ,ፕሮጀክት,ዛሬ,መረቀ,ፕሮጅከቶች,ተጠቃሽ,,,,,,,,,,,,,,,,,
37,ጅቡቲ,ገዛ,ቻለ,ገንዘብ,መጠን,ገዛ,እዳ,ህዝብ,ተሸከመ,ቀደም,ተሸነፈ,ድርጅት,ውድቅ,ተደረገ,,,,,,,,,,,,,,,,,,
38,ጮርናቄ,እሰማለሁብዙዎች,በላ,አያለሁከዛሬ,"""","""",ማነው,ጮርናቄ,,,,,,,,,,,,,,,,,,,,,,,,
39,ድርግ,ህዝባዊ,ውይይት,ተደሰተ,እዚ,ፊንፊኔ,ያላቹ,ነገ,በሚሊንየም,አዳራሽ,“,”,ርእስ,ተዘጋጀ,ህዝባዊ,ውይይት,ተገኛኘ,,,,,,,,,,,,,,,
40,የህወሀት,ላከ,ነበረ,ህወሀት,ስራ,ልምድ,ሰጠ,ቀጠረ,ሽግ,ወ,,,,,,,,,,,,,,,,,,,,,,
41,አር,አድዋ,ፓርክ,ሰራ,ቢሊየን,ብር,ውል,ወሰደ,ቻይና,ጂያንግሱም,ጨረታ,ግልጽነት,ተገኘ,ውል,,,,,,,,,,,,,,,,,,
42,ሊግ,ግልጽ,እቅድ,ቡድን,ቀላል,ወሰደ,ብዙ,ቡድን,ቆመ,ኳስ,ከለከለ,የማርኪንግ,ሲስተም,ግራ,ግብእ,ነውሱራፌል,ኳስ,መታ,ነገደ,ድንቅ,ደረሰ,ቻለ,ብዙ,ተጫወተ,አሉ,,,,,,,
43,ዞረ,ረገጠ,ጾታ,ረገጠ,ጠየቀ,ጠበቀ,,,,,,,,,,,,,,,,,,,,,,,,,,
44,ሾርት,ሚሞሪ,ግልጽ,አወቀ,በላ,ወንበዴ,ንቀት,ጥግ,የትየሌሌ,,,,,,,,,,,,,,,,,,,,,,,
45,እንዴ,ለካ,ዝም,ብየ,ወያናዎችና,ልጆጃቸው,የነብርኩ,ኤርትራ,የባህርዳርጎንደርኣዲስ,ኣበባኣዋሳባጭሩ,የኢትዮጲያ,ኢሱ,ጠራ,ፕረሲደንት,ህዝብ,ትላለ,,,,,,,,,,,,,,,,
46,ቀጭን,ትእዛዝ,ሰጠ,ረገጠ,ሲዳማ,ብሄር,ክልል,ጥያቄ,ህጋዊ,ፖለቲካዊ,ሂደት,አለፈ,በህዝበውሳኔ,ቋጨ,ድረስ,እልባት,ተገኘ,ጠራ,ማነቆ,,,,,,,,,,,,,
47,እርግጥ,ምርጥ,ግን,ዛገ,,,,,,,,,,,,,,,,,,,,,,,,,,,,
48,አመት,በኢህአዴግ,ዘመን,አመት,ኖረ,አመት,ጨመረ,ደረሰ,አረ,ፈጣሪ,ተታረቀን,,,,,,,,,,,,,,,,,,,,,
49,እስክንድር,አገር,ቤት,መለሰ,ግርግር,ፈጠረ,"""የመንግስት",ጸጥታ,ሀይል,"አደረጉኝ""",ቀረረ,ማማ,ትርፍ,,,,,,,,,,,,,,,,,,,
50,ኢራን,ጠንካራ,,,,,,,,,,,,,,,,,,,,,,,,,,,,,,
51,ቀን,ይቅርታ,ለመነ,ህመም,ተስፋ,ቈረጠ,ተወ,ቀን,መጣ,ክፉ,መጣ,አመመ,ህይወት,ጨረሰ,ቀስታ,አሳዛኝ,ልጅ,ጨረሰ,ወሰደ,,,,,,,,,,,,,
52,ፌክ,አካውንት,,,,,,,,,,,,,,,,,,,,,,,,,,,,,,
53,ደሞ,አዋቂ,ዳይፐር,ደሞ,ሰራ,ዛተ,ሴትዮ,ሸለመ,ትንሽ,ቀረ,ተጽተሽ,አሉ,ምነው,ግን,አይደበርም,,,,,,,,,,,,,,,,,
54,ተመዝጋቢ,ብዛት,ጥራት,ረጋ,ብል,ጥንቃቄ,ተራመደ,ተዋከበ,,,,,,,,,,,,,,,,,,,,,,,,
55,"""ህወሀት",ከኦፌኮ,ውህድ,ገባ,ደረሰ,"ተገለጸ""",ኦቦ,በቀለ,ገረባ,ፍቃደኛ,ሰማ,,,,,,,,,,,,,,,,,,,,,
56,ቀበሌ,እንደዛ,እያካበዳቹ,መርፌ,ወጋ,በለጠ,ተጸጸተ,ረጋ,,,,,,,,,,,,,,,,,,,,,,,,
57,እነ,ቢጤ,ለማ,የኢትዮጵያዊነት,ስሜት,ዘመቻ,ጀመረ,ውይ,ውይ,መሀል,አገር,ሰወች,ኦሎምፒክ,በጂምናስቲክ,ሰካ,ገባ,ምላስ,ጀመረ,,,,,,,,,,,,,,
58,ሸጌ,ብዙአየሁ,ደረሰ,አበበ,ብርሀን,ምርጥ,ስራ,,,,,,,,,,,,,,,,,,,,,,,,,
59,ዩኒቨርሲቲ,ረጋ,,,,,,,,,,,,,,,,,,,,,,,,,,,,,,
60,ውትፍ,ነቀለ,አሪፍ,የሰጠኻው,ራስ,ገነባ,ሮጠ,ውሸት,ያዘ,,,,,,,,,,,,,,,,,,,,,,,
61,ጊዜ,አወቀ,ቋንቋ,ገባ,አወቀ,ብጥብጥ,ድርግ,ኧረ,ተሻለ,ቋንቋ,ማረ,የቴሌ,ገረመ,,,,,,,,,,,,,,,,,,,
62,ደነቀ,ሰደበ,ተመለከተ,ላይክ,ድርግ,,,,,,,,,,,,,,,,,,,,,,,,,,,
63,ሟርት,ዳጊ,ብርቅዬ,የአዱ,ገነት,ልጅ,ግርም,ስለሸገር,ልጅ,ተወራ,ተንጨረጨረ,,,,,,,,,,,,,,,,,,,,,
64,ፖለቲካ,እውቀት,ደሀ,አድርባዮች,ስብስብ,ዘመን,ቈየ,የገዥው,ፓርቲ,ሚና,እጅጉ,ከፍተኛ,ሆን,ፍትህ,ትምህርት,ፖለቲካ,የሚድያ,ተቋም,አቅም,ደከመ,ተደረገ,ከፍተኛ,ዝቅጠት,ዳረገ,,,,,,,,
65,በአርማጭሆ,ህጻን,ሾፌሮችን,በማገትና,ገንዘብ,ጠየቀ,ሰላም,ደፈረሰ,ተንቀሳቀሰ,ግለሰብ,ቁጥጥር,ስር,ዋሉ,,,,,,,,,,,,,,,,,,,
66,አማራ,ክልል,የመጅሊስ,ድብብቆሽ,ጨዋታ,በዛ,ሞጣ,ሙስሊም,ከፍተኛ,ሰጋ,ቸኰለ,እገዛ,ፈለገ,ሰአት,ዝምታ,መረጠ,ገባ,,,,,,,,,,,,,,,
67,እናት,ጫት,ጋጠ,ከብትነት,ጠቀመ,ጎበዝ,,,,,,,,,,,,,,,,,,,,,,,,,,
68,መርከብ,አውሮፕላን,ሰረቀ,ሰፈር,ምስኪን,ተገኘ,ተስፋ,ቈረጠ,,,,,,,,,,,,,,,,,,,,,,,,
69,እሳት,ገባ,ጎማ,እኮ,,,,,,,,,,,,,,,,,,,,,,,,,,,,
70,ናደ,ህዳሴ,ግድብ,ሰራ,ሰላም,ሰፈነ,አየ,ደስ,ህውሀትና,ግብጽ,መንግስት,ብግን,አየ,ደስ,,,,,,,,,,,,,,,,,,
71,ሀገር,ቅን,ተወ,ዶክተር,በላ,ዉጭ,አመነ,,,,,,,,,,,,,,,,,,,,,,,,,
72,ሌባ,ጣለ,ከፈለ,ነገረ,ፈጸመ,ተጋ,ጸለየ,,,,,,,,,,,,,,,,,,,,,,,,,
73,አስተርዮ,ቃሉ,ግእዝ,ቃል,ትርጉሙመታየት,ገለጠ,ነውጥር,ቀን,ነፍስ,ስጋ,ለየ,ደመና,ነጠቀ,ገነት,ገባ,ሰማይ,ምድር,ሰጠ,ጸጋ,ክብር,,,,,,,,,,,,
74,“አንቺም,ሀይማኖት,ሀይማኖት,ኖረ,ቻለ,ጠበበ,ቤቴ”,,,,,,,,,,,,,,,,,,,,,,,,,
75,እንዴ,አገር,ምድር,ክትክታ,እንዴ,,,,,,,,,,,,,,,,,,,,,,,,,,,
76,የጅዋር,ታሪክ,በቃ,በተለይ,ከህውሃት,ገባ,ጋብቻ,ግልጽ,ወጣ,ቀላቀለ,መድረክ,ብርር,ለት,ኦሮሞ,ህዝብ,ገንዘብ,እውቅ,ጥማት,ነቃ,,,,,,,,,,,,,
77,በቃ,ጅማ,ዲፋክቶ,ክለብ,መሰረተ,እኮ,ቀረ,,,,,,,,,,,,,,,,,,,,,,,,,
78,ኡስታዝአቡበከርአህመድ,"""ካደረጉት",ክፋት,በለጠ,አመመ,ንቀት,ብዛት,ፈጸመ,ጥፋት,ሙስሊም,ፈጸመ,"ነው""",እውነት,አማ,,,,,,,,,,,,,,,,,,
79,አበበ,ገላ,ዘመን,ይሄን,ጀግና,ጀግና,ሸተተ,ነበረ,,,,,,,,,,,,,,,,,,,,,,,,
80,ቀን,ይቅርታ,ለመነ,ህመም,ተስፋ,ቈረጠ,ተወ,ቀን,መጣ,ክፉ,መጣ,አመመ,ህይወት,ጨረሰ,ቀስታ,አሳዛኝ,ልጅ,ጨረሰ,ወሰደ,,,,,,,,,,,,,
81,አንች,ልጅ,ጭንቅላቱንየእኔን,አነበበ,ጻፈ,ተባ,እኮ,የምትመስይው,ጉድ,ለማንኛዉም,,,,,,,,,,,,,,,,,,,,,,
82,ባለስልጣን,ስራ,ወደደ,ሰአት,ወደደ,ገለጸ,ጠቀለለ,ሚኒስትር,እድሜ,ምንዛሪ,ችግር,ረባ,ረባ,ባንኮክ,ሄደ,,,,,,,,,,,,,,,,,
83,ሰጠ,በቀር,ስልጣን,ነበረ,ምክንያት,ተሰለፈ,ሰጠ,ሀጢአት,ታላቅ,ሀጢአት,,,,,,,,,,,,,,,,,,,,,,
84,አጋንንት,ወደቀ,ጠራ,ልዩ,ክብር,አምላክ,ሰጠ,ነይ,መለሰ,ግቢ,ቤት,ህይወት,ጽዋ,ያዘ,ለነብሳችን,ደረሰ,ደረሰ,ቅድስት,አርሴማ,እናት,በያለንበት,,,,,,,,,,,
85,እንደሆን,አወቀ,,,,,,,,,,,,,,,,,,,,,,,,,,,,,,
86,የኢዜማ,ካድሬዎች,ፖለቲካ,ሚገባው,ለም,ምትሉት,ግን,የምር,ለትዝብት,ጣለ,ኧረ,ቀስ,,,,,,,,,,,,,,,,,,,,
87,እኮ,ናደ,ሽንት,መጣ,ብድግ,አሉ,,,,,,,,,,,,,,,,,,,,,,,,,,
88,ኢትዮጵያዊ,መድሀኒት,ኢየሱስ,ክርስቶስ,ልደት,አል,ሰላም,ደረሰ,ደረሰ,አሜን,,,,,,,,,,,,,,,,,,,,,,
89,ባህል,ባህል,ምግብ,ባህል,ባሰ,ባህል,ተገለገለ,እቃ,,,,,,,,,,,,,,,,,,,,,,,,
90,ወይጉድ,በላ,ማረ,መሰለ,,,,,,,,,,,,,,,,,,,,,,,,,,,,
91,እረ,መለስ,ደገመ,መጠጠ,ጉድ,ግን,ዘንድሮ,ሃይ,,,,,,,,,,,,,,,,,,,,,,,,
92,ብልጽግና,ጽንሰሀሳብ,ቁሳዊ,መንፈሳዊ,ስርአታዊ,ከፈለ,ዳንኤል,ክብረት,ሰውነት,ክብር,ተገኘ,ቻለ,ነጻነት,ረገጠ,ብልጽግና,መድረሻ,አቅጣጫ,ያዘ,ኡባንግ,ሜቶ,,,,,,,,,,,,
93,ጀመረ,ገዥ,,,,,,,,,,,,,,,,,,,,,,,,,,,,,,
94,ሆድ,ባባ,,,,,,,,,,,,,,,,,,,,,,,,,,,,,,
95,በለው,ጭራሽ,ግፍ,በደል,ሰራ,አበረ,ተባበረ,ልክ,,,,,,,,,,,,,,,,,,,,,,,,
96,አበረ,ሰማ,ፈለገ,ገለጸ,ቃል,አጣ,አወቀ,ትክክል,ሰማ,ቁስል,በለጠ,ደማ,ዝምታ,ወርቅ,እኮ,ዝም,ገደለ,,,,,,,,,,,,,,,
97,ነገ,ነዋ,,,,,,,,,,,,,,,,,,,,,,,,,,,,,,
98,ረዳ,ነኝቀጭን,ነኝየደረቴ,አጥንት,ያምራልቆዳዬ,ንጹህ,ነውአይኔ,ያምራልስለዚህ,ድረስ,አለም,ፋሽን,ኢንዱስትሪ,ባንኳኳ,ከፈተ,ቻለ,አለኝወደፊ,,,,,,,,,,,,,,,,
99,ግን,በአል,ገበያ,ቀነሰ,ኖረ,ሀገር,ጨመረ,,,,,,,,,,,,,,,,,,,,,,,,,
100,እን,ደ,ራስ,አይድልም,ጀመረ,ስው,ወደደ,ውሽታም,,,,,,,,,,,,,,,,,,,,,,,,
101,እቃ,ገና,ሳምንት,ልደት,ቀን,መጣ,ዘመረ,,,,,,,,,,,,,,,,,,,,,,,,,
102,ልክ,ግን,ተሸበረ,መንግስት,ፈለገ,ህገመንግስቱ,ሰራ,,,,,,,,,,,,,,,,,,,,,,,,,
103,ግልጽ,አቋም,ህወሀት,አሀዳዊዉን,ብልጽግና,ቀላቀለ,ለህብረብሄራዊ,ፌደራሊቶቹ,ፖለቲካ,ካምፕ,ግብአት,መሰለ,,,,,,,,,,,,,,,,,,,,
104,ቅንነት,ድንጋይ,ወገረ,ወንጀል,ቅጣት,ፈጸመ,ገባ,በሸሪአው,ህግ,ገለጸ,ለማንኛው,ቻው,,,,,,,,,,,,,,,,,,,,
105,"""እንግዲህ",ወንድም,ሆይ,ሰውነት,እግዚአብሄር,ደስ,ተሰኘ,ህያው,ቅዱስ,መስዋእት,ድርግ,ቀረበ,እግዚአብሄር,ርህራሄ,"እለምናችኋለሁ""",ሮሜ,,,,,,,,,,,,,,,,
106,ጨረሰ,ወ,ጠየቀ,ተማረ,እርስ,እርስ,አየ,ሁዋላ,ዞርው,ሱሪ,ዝቅ,ድርግ,ሰላ,,,,,,,,,,,,,,,,,,,
107,ሞጣ,ወገን,ንግድ,ሱቅ,ተቃጠለ,ባዶ,እጅ,ሜዳ,ቀረ,መንግስት,ተቋቋመ,ገባ,ዝም,መፍትሄ,,,,,,,,,,,,,,,,,,
108,ስለታገቱት,ልጅ,መረጃ,ገራ,,,,,,,,,,,,,,,,,,,,,,,,,,,,
109,መልካ,ካልዋሸከሁለት,ሳምንት,ቡሁዋላ,ጎንደር,መልክ,ሰማ,,,,,,,,,,,,,,,,,,,,,,,,,
110,ወደደ,ዳኒ,በዛ,ውይ,ማረ,ቀረ,ባረከ,እህምሮ,እድሜ,ጤና,ለየ,,,,,,,,,,,,,,,,,,,,,
111,ቤዛ,ኩል,አለም,ዮም,ተወልደ,አለሙ,ቤዛ,ዛሬ,ወለደ,ልደት,ቅዱስ,ከተማ,በላልይበላ,ቤዛ,ኩል,በቤተ,ጊዮርጊስ,ዋዜማ,ደረሰ,,,,,,,,,,,,,
112,ረዳ,ገለበጠ,በጠበጠ,አበረ,ኖረ,ባህል,በጠበጠ,ጣለ,አበረ,ኖረ,ጭራሽ,አቀፈ,አለነ,መሀል,በላ,ለየ,ፈለገ,ጠቀመ,,,,,,,,,,,,,,
113,መታ,ጌታ,ትዝ,ግን,,,,,,,,,,,,,,,,,,,,,,,,,,,,
114,ህግ,እኮ,ሰራ,ትኬት,ቈረጠ,አመት,አመት,ጠፋ,ደጋፊ,ሞላ,ተባለ,መለሰ,,,,,,,,,,,,,,,,,,,,
115,ትናንት,ሂርና,ፕሮግራም,ተካሄደ,ከፍተኛ,አመራር,ተቀበለ,ድርግ,አመራር,ዛሬ,ሀረር,ተገኘ,ሰማ,ፕሮፌሰር,መረራ,ጉዲና,አቶ,ጃዋር,,,,,,,,,,,,,,
116,ግብእ,ራስ,ጉዳይ,,,,,,,,,,,,,,,,,,,,,,,,,,,,,
117,አስቸኳይ,ሂሳብ,ገባ,ተደርጉ,ሪፖርት,ተደረገ,አዝዘናል,አራት,ነጥብ,,,,,,,,,,,,,,,,,,,,,,,
118,ገረመ,የጋሎቹ,ተንጫጫ,እንዴ,ኢትዬጲያን,እኮ,ግል,ንብረት,አረጋችሆት,ግን,አይነት,ዝንብ,መልስ,ጨዋታዉ,ገና,ጀመረ,,,,,,,,,,,,,,,,
119,ገና,አል,ገበያ,የአቅርቦት,ችግር,ኖረ,ሸማች,ገለጹኢቲቪ,ኖረ,ሸማች,ገለጹዋልታ,አመነ,ግን,ዛር,ዋልታ,አምኛለው,,,,,,,,,,,,,,,,
120,የጆሲ,ሾው,ግን,መዝናኛ,ፕሮግራም,ጠራ,ወገን,,,,,,,,,,,,,,,,,,,,,,,,,
121,ፌስቡኩ,ሁላ,ምርጫ,ቅስቀሳ,ሸተተ,ጀመረ,እንዴ,,,,,,,,,,,,,,,,,,,,,,,,,
122,ስብሰባ,ወግ,,,,,,,,,,,,,,,,,,,,,,,,,,,,,,
123,ፈጠራ,ባለሙያ,ማህበር,ህጋዊ,እውቅናን,ተገኘ,መሰረተ,ማህበር,ታህሳስ,ሲቪል,ማህበር,ኤጄንሲ,መዘገበ,ሀገር,ቀፈፈ,ደረጃ,ፈጠራ,ዘርፍ,ቀሰቀሰ,እውቅ,ማግ,,,,,,,,,,,
124,ግራ,ገብ,ተታለለ,ቅልጥ,ዘረኛ,መሀይም,መረጠ,ብይ,አስባለው,አእ,ልዩ,አዋጅ,ወጣ,ክልል,ደረጀ,ህግ,በኮንስቲቱሽኑ,ለም,መሰለ,ባህል,ከተሜ,ቋንቋ,አማርኛ,ማስመዝገበ,ተቻለ,,,,,,,
125,ቈየ,በአትዮጵያ,ሰራ,እንዴ,ሰፊ,ህዝብ,ማህብሎች,ነበረ,ያበዛሬ,አየ,ክልል,እሄን,ማንጸባርቅ,ገባ,ልጅ,ፍጹም,,,,,,,,,,,,,,,,
126,ምትደነቅ,የአድስ,አበባ,ከተማ,ከንትባ,ኢንጂነር,ታከለ,በዝህ,ተደሰተ,በሆነዉ,ስራ,ማገገልህን,ቀጠለ,ራስ,አደቅሃለዉ,ክብር,ምስጋናየ,ይድሬስህ,ደህና,,,,,,,,,,,,,
127,ትክክል,ቤቲዬ,ማህበረሰብ,አይነት,ስብእና,እንዳለ,ዘቀጠ,አየ,"""አዎን",አሰበ,"አይደለንም""",,,,,,,,,,,,,,,,,,,,,
128,ሰውዬ,ስውዬው,ትንሽ,አጥንት,ጣለ,,,,,,,,,,,,,,,,,,,,,,,,,,,
129,“ጌታቸው,አሰፋ,ዜጋ,ኢሰብአዊ,ያዘ,ተቃወመ,የሚያደናቅፉት,እነ,ደመቀ,"ነበሩ""",አቶ,አስመላሽ,ወስላሴ,አይጥ,ምስክር,,,,,,,,,,,,,,,,,
130,ለየ,ጎጠኛውን,አስራት,ወልደየስ,ፎቶ,ፕሮፋይል,ድርግ,አቶ,ቡልቻ,በጎጠኝነት,ስትቸት,ትንሽ,ፋረ,,,,,,,,,,,,,,,,,,,
131,"""ሆቴሎች",የረሰፕሽን,አካባቢ,ጣለ,ሄደ,ልብስ,ደንብ,ለበሰ,እንግዳ,መሰለ,መጣ,ሌባ,ተጠነቀቀ,መልእክት,"አስተላልፍልኝ""",,,,,,,,,,,,,,,,,
132,ውነተኛ,ነዋ,እመብርሀንም,ውሸት,ዜና,ገራ,ወደደ,መሰለ,,,,,,,,,,,,,,,,,,,,,,,,
133,"""የብልጽግና",ጎዳና,ጀመረ,አገር,ክስተት,ጠበቀ,"ነው""",ሲሳይ,አጌና,ጎል,"""ለ",ለውጥ,ነውጡ,"አታንሱ""",ብርሀን,ነጋ,,,,,,,,,,,,,,,,
134,ሰይፍ,ሰፊ,ሀተታ,ጻፈ,ፈለገ,ጋዜጣ,ተቀበለ,,,,,,,,,,,,,,,,,,,,,,,,,
135,ዛሬ,በሶሻል,ሚዲያ,ሀላፊነት,ጐደለ,የምንጸፈው,ጥላቻ,ሴድብ,ውሎ,አድሮ,አገር,አሸናፊ,ተሸነፈ,አፍራሽ,እልቂት,ተከተለ,ደገመ,ደገመ,ገለጸ,ሰሚ,ጠፋ,,,,,,,,,,,
136,ሀገር,ደህንነት,ጠበቀ,ተቋቋመ,ኢንሳ,ራስ,ጠለፈ,በኤመሪካ,የሳይበር,ሞያ,ዶር,ተማርያም,,,,,,,,,,,,,,,,,,,,
137,አቅም,አወቀ,ኖረ,ጥሩ,እናት,,,,,,,,,,,,,,,,,,,,,,,,,,,
138,አማራ,ሚልዮን,,,,,,,,,,,,,,,,,,,,,,,,,,,,,,
139,ህወሀት,አባታዊ,ትግስት,ወጣ,ተገኘ,የህወሀት,ትግስት,ደነቀ,ተቻለ,ዲማ,ነገዎ,ሰሞን,አላማጣ,ከተማ,ትእግስት,ሰላ,,,,,,,,,,,,,,,,
140,እ,እስቲ,ትንሽ,አፍታችው,አያት,ድረስ,ጠራ,ወፍራም,ኩራት,ሰማ,,,,,,,,,,,,,,,,,,,,,,
141,እዛ,በአል,ጠላ,ጠጅ,እሽኮለለ,ላላ,አመት,ዶሮ,ወጥ,በላ,ኰረፈ,መሰለ,አጥንት,ጉሮሮ,ቁጭ,ድምጽ,ተበላሸ,የተፈጠረዉ,,,,,,,,,,,,,,
142,ላከ,ቻለ,ተባበረ,እባካችሁለማማትም,ተዘጋጀ,መልካ,,,,,,,,,,,,,,,,,,,,,,,,,,
143,ጨመረ,አይነት,ከባድ,,,,,,,,,,,,,,,,,,,,,,,,,,,,,
144,ጌታ,ለመዳኒታችን,እየሱስ,ክርስቶስ,ልደት,ቀን,አደረሳችው,,,,,,,,,,,,,,,,,,,,,,,,,
145,ከበተ,ረዳ,ደንብ,አባምጪ,ወደደ,መታ,በር,አትፍችም,አደል,ጠየቀ,አደራ,እንዳትረሽዉ,,,,,,,,,,,,,,,,,,,,
146,ጋሽ,ትራንፕ,ቀስ,"""",ለውጥ,መጣ,መራ,በላ,መራ,ብይ,"""",አይቀሬ,ስልጣን,ፍቅር,ድራግ,አይደል,እንዴ,ዘላበደ,,,,,,,,,,,,,,
147,ወንድም,ቡል,ጥሩ,የሀዋሳው,ሀውልት,,,,,,,,,,,,,,,,,,,,,,,,,,,
148,ፊት,ዝግ,ከራሴጋ,ስብሰባ,ተቀመጠ,,,,,,,,,,,,,,,,,,,,,,,,,,,
149,ቀረ,እኮ,ምግብ,ህንጻ,ሰራ,ገዛ,,,,,,,,,,,,,,,,,,,,,,,,,,
150,ትናንት,ውጥእ,አቋም,ገለጸ,አማርኛ,ለየ,ለካ,መግለጫ,ህወሃት,ጀዋር,ቀየረ,ቀስ,አል,ተርጎሚልን,,,,,,,,,,,,,,,,,,
151,ግእዝ,ተሽኰረመመ,ገባ,ማህጸን,,,,,,,,,,,,,,,,,,,,,,,,,,,,
152,ሰም,ክብር,መንግስት,ንብረት,ያለምክር,ቤት,እውቅ,ሽንሽን,ጨረሰ,እኮ,ክቡርነትዎ,,,,,,,,,,,,,,,,,,,,,
153,ሪፐብሊክ,እውቅ,ነፈገ,ወገኛ,ቀበሮ,ሙክት,በራ,አሉ,,,,,,,,,,,,,,,,,,,,,,,,
154,ዋጠ,ጥያቄ,ትክክለኛ,ምላሽ,ሀቢላ,ዱላ,ሀምላስ,ፓርቲ,,,,,,,,,,,,,,,,,,,,,,,,
155,ሰራ,ተከታተለ,ድል,ገጠመ,አለፈ,ሰሞን,አየ,,,,,,,,,,,,,,,,,,,,,,,,,
156,በላ,ቤት,ሞቀ,እቃ,ፍላጎት,ቀላል,ጀመረ,ዝውርውር,ቅብዥብዥ,ቀልብ,የሚቀልበን,አጣ,,,,,,,,,,,,,,,,,,,,
157,ሸዋርቢት,ደብረ,ገነት,ቅድስት,ማርያ,ቤተክርስቲያን,,,,,,,,,,,,,,,,,,,,,,,,,,
158,ደረት,መጥፎ,ልብ,ቀዳዳ,ቈፈረ,ሰይጣን,ጠቈመ,ሳቀ,ተጨነቀ,ሃሃሃሃ,,,,,,,,,,,,,,,,,,,,,,
159,አይይይ,ሱሪ,ተበላሸ,ገባ,,,,,,,,,,,,,,,,,,,,,,,,,,,,
160,ጠየቀ,ፈለግ,አይደል,ፈነጨ,,,,,,,,,,,,,,,,,,,,,,,,,,,,
161,ድመት,ፕፍፍፍ,ደሞ,,,,,,,,,,,,,,,,,,,,,,,,,,,,,
162,ብዙ,ሰረረ,,,,,,,,,,,,,,,,,,,,,,,,,,,,,,
163,ዝም,በይው,አአወዛጋቢውእሱ,,,,,,,,,,,,,,,,,,,,,,,,,,,,,
164,አየ,"""በፍጹም",ተንሳሳ,"የምንጫወተው""",ዘርአይ,ሙሉ,ሲዳማ,ቡና,"""ከመሀል",ሜዳ,መጣ,ጠንካራ,ኳስ,ቆመ,ቻለ,ዋጋ,"ከፍለናል""",ፋሲል,ተካልኝ,ባህር,ዳር,ከተማ,,,,,,,,,,
165,ኡፍ,ደገመ,አል,መጠጠ,"""ለእርሶና","ለቤተሰቦ""",ዛገ,ሜሴጆች,አወቀ,ደረሰ,,,,,,,,,,,,,,,,,,,,,,
166,እራስህን,ምንድ,አየ,,,,,,,,,,,,,,,,,,,,,,,,,,,,,
167,ድርድር,አባ,ገዳዎች,አካባቢ,ወጣት,በዛ,ብሚንቀሳቀሱ,ጸጥታ,ሀይል,"""በተቀናጀ""",እንቅስቃሴ,,,,,,,,,,,,,,,,,,,,,
168,እዛ,ሄደ,ጠፋ,,,,,,,,,,,,,,,,,,,,,,,,,,,,,
169,ቀላል,ጸረ,ሙስሊም,ቀላል,ጸረ,ትግራይ,የድድብና,ጥግ,ጀመረ,ፖለቲከኛ,ቻለ,,,,,,,,,,,,,,,,,,,,,
170,ትግራይ,አጋር,ጠላት,,,,,,,,,,,,,,,,,,,,,,,,,,,,,
171,ጀግና,ሌባ,ታገለ,ሽፍታ,ተምታታ,ዘንድሮ,,,,,,,,,,,,,,,,,,,,,,,,,,
172,አዘነ,መርፌ,ሰካ,ፈራ,ማረ,ሰካ,ፈጣሪ,አወቀ,,,,,,,,,,,,,,,,,,,,,,,,
173,አቦ,ፈታ,ብልጥ,አየ,ነቃ,እዛዉ,ቧ,ቀረ,ጠበቀ,,,,,,,,,,,,,,,,,,,,,,,
174,ካልተዋሃች,ድርግ,ላከ,ጉዳይ,,,,,,,,,,,,,,,,,,,,,,,,,,,,
175,ደስተኛ,,,,,,,,,,,,,,,,,,,,,,,,,,,,,,,
176,ዳኒ,ቦይ,እስቲ,ትግራይ,ፍርድ,ቤት,ፕረዚደንት,ፖሊስ,አዛዥ,ትግራይ,ሀይማኖት,መሪ,ከህወሃት,አባልነት,ነጻ,ተደረገ,ከፈለ,ጠየቀ,"""የራስዋን",አረረ,"ታማስላለች""",ብየ,,,,,,,,,,
177,ደብረብርሃን,ሙስሊም,ምግብ,ቤት,በዛ,ማርካቶ,የስልጤናጉራጌ,ሱቅ,በዛ,ቤተ,ክርስትያን,በኦሮምኛ,ቀደሰ,አክራሪነት,,,,,,,,,,,,,,,,,,
178,ዘልዛላ,ንግግር,እግዚአብሄር,ባረከ,ስድብ,ግን,ትምህርት,ተገኘ,,,,,,,,,,,,,,,,,,,,,,,,
179,ፍቅር,ያዘ,ልብ,አሰረ,ተሳበ,ተገለገለ,ሰላም,መንገድ,,,,,,,,,,,,,,,,,,,,,,,,
180,ሀሌ,ማርያ,ማለደ,ሀሌ,ሀሌ,መናፍቅ,ካደ,ሀሌ,ሀሌ,ገብርኤል,መሰከረ,ሀሌ,በላሌ,መልካ,ቀን,,,,,,,,,,,,,,,,,
181,ሰላም,ፍቅር,በዛ,ሰናይ,ሰንበት,—,,,,,,,,,,,,,,,,,,,,,,,,,,
182,አመመ,ሀገራዊ,ምርጫ,ረቂቅ,ጊዜ,ሰሌዳ,ተመለከተ,ባለድርሻ,አካል,ውይይት,ተደረገ,ተገኘ,ባለድርሻ,አካል,አየ,ግብአት,ሰጠ,ጠበቀ,ቦርድ,ተገኘ,መረጃ,አመለከተ,,,,,,,,,,
183,ኡፋ,ኤጭ,ዘፈነ,ዘፈን,ተቀበለ,,,,,,,,,,,,,,,,,,,,,,,,,,,
184,ሰሞን,አማራ,ክልል,ሰለፍ,ታየ,ስረአት,ክልል,ወጣት,ፈጠረ,ህውን,አገር,ሀብት,ህይወት,አጠፈ,ሰልፍ,ድርግ,አበባ,ረገጠ,ቅጠል,በጠሰ,መልእክት,ተላለፈ,ሚሊዮን,አል,,,,,,,,
185,በዳሃ,እንባ,በዳሃ,ደም,ሰርክ,አጠበ,ፍርድ,ቀረበ,ምርጫ,ቀረበ,በቀለ,ወያ,,,,,,,,,,,,,,,,,,,,
186,ለክብርት,ወረረ,ዳግማዊት,ሞገስ,አዲስ,አበባጎሃጽዮን,መንገድ,ነደለ,ስለተገባበጠ,ባህል,ስፖርት,ፌስቲቫል,ተካሄደ,ገበጣ,ማጫዎቻ,እንዲያቀ,,,,,,,,,,,,,,,,
187,ነዛ,ደርግ,ግዜ,ኪሎ,ቤተመንግሰት,"""ቅልብ""",ተባለ,ገብ,ታማኝ,ደምብ,ተቀለበ,,,,,,,,,,,,,,,,,,,,,
188,ተገኘ,መሪ,አገር,ዞረ,ወገን,ችግር,ፈታ,ዳከረ,መሪ,ምስጋና,ገባ,,,,,,,,,,,,,,,,,,,,,
189,ኧረ,ገላጋይ,ሰወች,እንዴ,ሽማግሌ,ፈራ,በላ,ተወ,ተወ,,,,,,,,,,,,,,,,,,,,,,,
190,"""",ቸገረ,ወለጋ,ወያኔ,ጠፋ,"አለባቸው""",መንግስቱ,ሀማርያም,,,,,,,,,,,,,,,,,,,,,,,,
191,ጠቀለለ,ሚንስትር,አቢይ,ደቡብ,አፍሪካ,ቆይታ,ፕሬዝዳንት,ሲሪል,ራማፎሳ,ኢትዮጵያዊ,ተከበረ,ኖረ,ህጋዊ,ፈቃድ,ሰጠ,ቀረበ,ጥያቄ,ተቀባይነት,ግኝ*,ይፋ,ድርግ,,,,,,,,,,,
192,ደንብ,ዳመጠ,ጥሩ,,,,,,,,,,,,,,,,,,,,,,,,,,,,,
193,ተቸ,ፊት,ወሬ,ምንጭ,ጠራ,ፈለገ,,,,,,,,,,,,,,,,,,,,,,,,,,
194,የሰወች,ሰም,ከቀደምት,ነዋሪወችንን,ሰሚ,ደጋማ,ቦታ,የሰወች,ወጣ,ቁርኝት,ግልጽ,ቦታ,ባለቤትነት,ተናገረ,ወጣ,ትግራይ,ለየ,ቀደም,ጠቀሰ,ምግብ,ደገመ,ካርቤቶ,ወዘተ,,,,,,,,,
195,ስልጣን,አመጠ,ህዝብ,ብሶት,ዘነጋ,ግድ,ለም,ገፋ,ከፍታ,ወጣ,በርታ,እውነት,ተሸነፈ,ድል,ዴሞክራሲያ,,,,,,,,,,,,,,,,,
196,መልካ,ግን,ክቡርነቶ,ባረከ,በራ,ፍጥረት,ጐን,,,,,,,,,,,,,,,,,,,,,,,,,
197,ውይ,ደላ,ግን,ግን,ቅርብ,ጓደኛ,ጫት,ጠፋ,አሉ,ፎቶ,ተነሳ,ቀደም,,,,,,,,,,,,,,,,,,,,
198,አገር,ወደደ,ኧን,ፕሮፋይል,ፒክቸር,አረገ,ግን,አበረ,ተኰሰ,አላቹሳ,,,,,,,,,,,,,,,,,,,,,,
199,ሃሃሃሃ,ቀበሌዉ,እንኳንም,ትዊተር,ከጸብ,ጫረ,ቆጥረዉህ,መታወቂያ,ኖረ,ድርግ,,,,,,,,,,,,,,,,,,,,,,
200,ሀዋሳ,ጥር,አመመ,ደሬቴድ,አስር,መኪና,ተጫነ,ኩንታል,አዮዲን,ጨው,ለየ,ሀገር,ክፍል,ተሰራጨ,ያዘ,ምግብ,መድሀኒት,ቁጥጥር,ባለስልጣን,ገለጸ,,,,,,,,,,,,
201,ማረ,ገደለ,ተባለ,ዛር,ዘመን,ሰራ,እንደሆን,እርግጠኛ,ሃሃሃ,,,,,,,,,,,,,,,,,,,,,,,
202,መሬት,ግል,ጥቅም,ጉዳት,አለውመፍቴ,ከተማ,ከበበ,ገበሬ,ተነሳ,ግዴታ,ከተማ,መሬት,ሸጠ,ለወጠ,መፍቀድገጠርን,ከለከለ,,,,,,,,,,,,,,,,
203,ባላገር,ዘፈን,በቀር,አወቀ,ገረመ,,,,,,,,,,,,,,,,,,,,,,,,,,,
204,ኛ,አዋቂ,ቀደመ,ቀለለ,አለፈ,ቀለለ,ቀለለ,ለእር,እውቀት,ሰወረ,ለም,መዝሙር,"""አንተ",ቀድሞ,የኋላ,"አወክ""",,,,,,,,,,,,,,,,
205,መረራ,ሰውነት,ግዙፍ,ቀረ,ነደለ,,,,,,,,,,,,,,,,,,,,,,,,,,,
206,አዲስ,አበባ,ከተማ,መረጠ,መንግስት,ተዳደረ,ከፈለ,ግብር,በዛ,ቦታ,ግብር,ከፈለ,በዛ,መንግስት,ሀላፊነት,,,,,,,,,,,,,,,,,
207,ትክክል,ምናለበት,ጉልበተኛ,,,,,,,,,,,,,,,,,,,,,,,,,,,,,
208,አባት,ዘመድ,ዛር,ኰራ,ደቡብ,አቸፈር,ዱርቤቴ,ደብረ,ሰላም,ቅዱስ,ሚካኤል,ቤተክርስቲያን,ዛሬ,መረቀ,ዱር,ቤት,ሙስሊም,ብር,አበርክተዋ,ዝንታለም,አማራ,,,,,,,,,,,
209,ዛር,ስቴዲየም,ገባ,ነጻ,ዛሬ,አይን,ምስክር,,,,,,,,,,,,,,,,,,,,,,,,,
210,ምሽት,በቂ,ፍቅር,መሰለ,,,,,,,,,,,,,,,,,,,,,,,,,,,,
211,ለቀቀ,መገናኛ,ብዙ,ሰማ,ለየ,ሰማ,የደንቢዶሎ,ዩኒቨርሲቲ,ገታ,መራ,ወላጅ,,,,,,,,,,,,,,,,,,,,,
212,"""ወንድሙን",ገደለ,ወንድም,ከፋ,ደጅ,ቀበረ,ደም,"እንዲከረፋው""",ስነቃል,,,,,,,,,,,,,,,,,,,,,,,
213,ቈጠረ,ፊት,ቀጠለ,መስመር,ደገመ,ቅርብ,ሰማ,እርግጠኛ,,,,,,,,,,,,,,,,,,,,,,,,
214,መላክዬየኔ,ጌታ,ሰላም,,,,,,,,,,,,,,,,,,,,,,,,,,,,,
215,እላለው,ድል,ዲሞክራሲ,ድል,ዲሞክራሲ,,,,,,,,,,,,,,,,,,,,,,,,,,,
216,አል,ጥሩ,አለፈ,ብር,,,,,,,,,,,,,,,,,,,,,,,,,,,,
217,እኮ,"""ምርጥ","ዘር""",ሽፍታ,አማራ,ሶማሌ,ደረደረ,ገሎ,ፎከረ,የሚሽቀዳደመው,,,,,,,,,,,,,,,,,,,,,,
218,ቤተሰብ,ጨዋታ,ፖለቲከኛ,ጋዜጠኛ,ልዩ,ገና,አል,ዉድድር,ግሩም,ዝግጅት,በተጨማሪ,በረታ,ገባ,አዘጋጅ,እሸት,ለሰነ,ተመሰገነ,ወደደ,,,,,,,,,,,,,,
219,ጥሩ,እይታ,,,,,,,,,,,,,,,,,,,,,,,,,,,,,,
220,ቅን,ልብ,ተወዳጀ,ከፋ,ሄደ,ሄደ,ማርያም,ንጹህ,የዋህ,ልብ,አዘነ,ጽሁፍ,አነሳ,አነሰ,እህት,ድርግ,,,,,,,,,,,,,,,,
221,መልካ,ስራ,ግዜ,የዘወትር,ጸሎት,,,,,,,,,,,,,,,,,,,,,,,,,,,
222,ጫት,አይነት,ገለምሶ,አወዳይእንደሚባለው,,,,,,,,,,,,,,,,,,,,,,,,,,,,
223,ክፉ,“አንተ,ንጹህ,ነህ”,ዳኛ,ረገመ,ብዙ,የተወገዘ,በደለኛ,አመነ,ግን,መልካ,ብዙ,በረከት,ወረደ,ምሳሌ,,,,,,,,,,,,,,,,
224,ደረሰ,እንጀራ,እንዲ,በጠሰ,ከበደ,ውበት,ሞገስ,ፍሬ,ሀሳብ,,,,,,,,,,,,,,,,,,,,,,,
225,ዶማ,ደብተራነትን,ግኝ*,ብለክ,ደብተራ,መረጠ,ፈለገ,ደነዝ,,,,,,,,,,,,,,,,,,,,,,,,
226,ጠፋ,"""","""",ግን,ንጥት,ነጫጭባ,ውሸት,,,,,,,,,,,,,,,,,,,,,,,,,
227,ሀሳብ,ነጻነት,ከለከለ,መንግስት,ብልጽግና,ተወራ,"""ጽ""ን",መሀል,ውጥእ,ስማ,ትክክለኛ,ማንነት,,,,,,,,,,,,,,,,,,,,
228,ሃሃ,ለኮስኩኮአይኔ,ሁሌ,እንዲ,ወይስ,ኢንስታ,እንደከየፈችው,በዛ,ቀረ,ሺ,ሚሊዮን,ቢሊዮን,ኢን,ማለ,ማይንድ,,,,,,,,,,,,,,,,,
229,ይሄን,መልእክት,ለመነ,ደረሰ,ሼር,ሼር,ሼር,,,,,,,,,,,,,,,,,,,,,,,,,
230,እውነት,ቀልድ,መታ,,,,,,,,,,,,,,,,,,,,,,,,,,,,,
231,ዳር,ቆመ,አየ,ጊዜ,ዳር,ቆመ,አየ,መብት,ተሰለፈ,ሰጠ,የኢዜማ,መሪ,ብርሀን,ነጋ,ፕሮፌሰር,ዛሬ,ነጋ,ቦንገር,,,,,,,,,,,,,,
232,በስረአት,አልተጠቀምንበት,ሀገር,ሀብት,ባከነ,,,,,,,,,,,,,,,,,,,,,,,,,,,
233,ልደት,ዳቦ,,,,,,,,,,,,,,,,,,,,,,,,,,,,,,
234,ባህል,ተሸነፈ,ትንሽ,ግር,,,,,,,,,,,,,,,,,,,,,,,,,,,,
235,የጅዋር,ተፈጥሮ,ገረመ,ጥሩ,መሪ,ጣለ,ደፋ,ቀና,ችግር,ከምዬ,ኢቲዬጺያ,,,,,,,,,,,,,,,,,,,,,
236,ጀለሴ,ጠመዘዘ,ወደደ,ራቀ,መለሰ,አይሻ,,,,,,,,,,,,,,,,,,,,,,,,,,
237,እንዴ,ደሞ,ላከ,,,,,,,,,,,,,,,,,,,,,,,,,,,,,
238,ግን,ደሞ,ንጉስ,መልካ,ስራ,ኖረ,ፈጸመ,ኖረ,ተንኮል,ተራራ,ገዘፈ,ረሳ,በተለይ,ሙስሊም,ኢትዮጵያዊ,በአግላይ,ፖሊሲ,ብዙ,ተሰቃየ,ኖረ,አመመ,ቀሀ,ክፉ,ተንኮ,,,,,,,,
239,አሜን,‘እዝጌር,ታታ,ጠላ,ትዊት,መለሰ,ድል,ዲሞክራሲ,,,,,,,,,,,,,,,,,,,,,,,,
240,አሜን,አሜን,አሜን,መልካ,,,,,,,,,,,,,,,,,,,,,,,,,,,,
241,የአፍላነት,ፍቅር,ህይወት,ማህሙድ,አህመድ,ዘፈን,ቅርብ,ተቈራኘ,መሃሙድን,ሳበ,ዛር,ድረስ,ዘፈን,ቦታዉና,ያቺ,ቆንጆ,ልጅ,ትዝ,መሃሙድን,ረሳ,ፍቅር,ረሳ,ፍቅር,ደሞ,ረሳ,,,,,,,
242,እሴት,መጠጥ,ገንዘብ,አላማቸዉን,ሰአት,ኢቲዬጺያ,ዉስጥ,አሉ,በዚ,ሄኖክ,ጋቢሳ,ተመሰገነ,ገባ,,,,,,,,,,,,,,,,,,,
243,አብይ,ጠመደ,አሰረ,መሰለ,አሰረ,እድሜ,አስራዎች,ገባ,እስክንድር,አረገ,አሰረ,አሰረ,,,,,,,,,,,,,,,,,,,,
244,ሰይፍ,ዋነኛ,ስራ,ዘና,በጎ,አድራጎት,ድርጅት,መራ,ግል,ዜጋ,ያለነሰ,ድርግ,በላ,“ማሳቅን”,ቀለለ,አየ,አይን,ግን,ንቀት,መሰለ,,,,,,,,,,,,
245,ማርቆስ,ወንጌል,ምእራፍ,እንዲህም,አለም,ሄደ,ወንጌል,ፍጥረት,ሰበከ,አመነ,ጠመቀ,ዳነ,አመነ,ግን,ፈረደ,,,,,,,,,,,,,,,,,
246,ኢማጅን,እንቅፋት,መታ,ሚዲያ,ሞገደ,ተቈጣጠረ,ሀገር,አመሰ,ብሄር,መራ,ታግተውበት,ዝም,ባሻ,የዝንብ,ድንግል,ሩቅ,ለየ,,,,,,,,,,,,,,,
247,አሳቻ,መንገድ,ለየ,ጠበቀ,ማጅራት,መታ,አሳቻ,ቦታ,ለየ,አግንቼህ,እዳ,ምከፍለው,ዛሬ,ያዘ,ትንሽ,ታገሰ,,,,,,,,,,,,,,,,
248,ባልደራስ,ህጋዊ,ፓርቲ,ስብሰባ,ከለከለ,ህጋዊ,ተቀባይነት,ትናንት,አመቱ,ሙሉ,ህጋዊ,ፍቃድ,ሰበሰበ,ሽፋን,ሰጠ,ነበረ,መንግስት,ዛሬ,ህጋዊ,ስርአት,ገባ,ከለከለ,አግባብነት,ድርጊት,,,,,,,,
249,በሬ,ሻኛ,አረገ,,,,,,,,,,,,,,,,,,,,,,,,,,,,,
250,ሻይ,ቡና,ውይይት,ማህበራዊ,ሚዲያ,ጠቀመ,ዙሪያ,,,,,,,,,,,,,,,,,,,,,,,,,
251,ሰማ,ምነው,አለፈ,ቀለለ,,,,,,,,,,,,,,,,,,,,,,,,,,,,
252,በስመ,አብ,ወወልድ,ወመንፈስ,ቅዱስ,አሀዱ,አምላክ,አሜን,እመቤት,ቅድስት,ባእታ,ማርያ,ክብረ,አል,ሰላም,ደረሰ,ጸጋ,መለሰ,ሆይ,ቅዱስ,ትለምኝልን,ገባ,ፍጥረት,በለጠ,,,,,,,,
253,አጠገብ,ነካ,"""","""",ሀሽታግ,ከፈተ,በለው,እስራኤል,ዳነ,ሙድ,,,,,,,,,,,,,,,,,,,,,,
254,ኮ,ገረመ,አጋሜ,የሻቢያ,ትንቢት,ባዶ,ሜዳ,እድሜ,ልካቹሁን,ሌብነት,ጉራ,ጦርነት,ባንዳነት,እቃ,መገለጫቹ,,,,,,,,,,,,,,,,,
255,አዋ,ሰማ,እንዴ,ረገጠ,ፈለገ,ነዋ,,,,,,,,,,,,,,,,,,,,,,,,,,
256,ዝም,ቀባጠረ,,,,,,,,,,,,,,,,,,,,,,,,,,,,,,
257,ጥሩ,ግምት,ኮፍያው,ወለቀ,አእምሮክ,ነጻ,አሰበ,መነጽር,ወለቀ,ደሞ,የወደፊቱ,አየ,መሰለ,,,,,,,,,,,,,,,,,,,
258,አዲስ,አመት,ደረሰ,መጣ,ዘመን,ጌታ,ብሄር,ወላዋይነትህን,ነቀለ,,,,,,,,,,,,,,,,,,,,,,,
259,መልአክ,ማርያ,ሆይ,እግዚአብሄር,ሞገስ,ተገኘ,ፈራ,እነሆ,ትጸንሻለሽ,ወንድ,ልጅ,ወለደ,ኢየሱስ,,,,,,,,,,,,,,,,,,,
260,ሀገር,ከለከለ,ሰራዊት,,,,,,,,,,,,,,,,,,,,,,,,,,,,,
261,ግንዛቤ,አቅም,ለየ,ልፍለፋ,እውቀት,ቈጠረ,ጋዜጠኛ,አየሁ,ለፈለፈ,ድምዳሜ,ተመለከተ,ያልተረዲ,ጋዜጠኛ,ተቃራኒ,መልስ,በራ,ተመለከተ,ምሁር,እጅ,ነሳ,,,,,,,,,,,,
262,ብዙ,ግርግር,አበለ,ከዋለብት,እውነት,መሰለ,ሳተ,በዛ,ዘንድሮ,ጉዳዪ,እውነት,ውነት,እውነት,ራስ,,,,,,,,,,,,,,,,,,
263,ስለታገቱ,ተማሪ,ዘገባ,ሰራ,ጥሩ,ነውእየመረጣችሁ,አትዘግቡ,,,,,,,,,,,,,,,,,,,,,,,,,
264,ጋሼ,ዘመን,ጃምቦ,ብይ,አሰበ,,,,,,,,,,,,,,,,,,,,,,,,,,,
265,ብሽሽቅ,ተመቸ,መሰለ,መስጊድ,ቀጠለ,ተወ,ግዴለም,ቅጥል,አበለ,ብይ,ቀለደ,,,,,,,,,,,,,,,,,,,,,
266,አየ,መልካ,አየ,ግን,ትዳር,ቀልድ,ተወ,,,,,,,,,,,,,,,,,,,,,,,,,
267,ክልል,እርምጃ,ወሰደ,ግን,ሙስሊም,ሰጠ,ሰበብ,መጅሊሱን,ፈረሰ,ጣረ,ጥቆማ,ፈለገ,አሰረ,ተጠቃ,ጀመረ,,,,,,,,,,,,,,,,,
268,ግብጽ,ተስማማ,ድርቅ,ትርጓሜ,ታላቅ,ህዳሴ,ግድብ,ውሀ,ሞላ,አስተዳደር,ትኵር,አራተኛ,ጨረሰ,ቴክኒካዊ,ድርድር,አዲስ,አበባ,ጀመረ,አሜሪካ,,,,,,,,,,,,,
269,ዛሬ,መዲና,አዲ,አበባፊንፊኔ,ታላቅ,አካል,ብቃት,እንቅስቅሴ,ተካሄዷል,በሁላችን,ጥረት,ስፖርት,ህዝብ,ባህል,,,,,,,,,,,,,,,,,,
270,ፖለቲከኛ,ስብሰባ,ገባ,ስብስብ,ወጠረ,ሀገር,ሰላም,አበል,ቈረጠ,ትንሽ,ግዜ,ሰላም,ሰጠ,,,,,,,,,,,,,,,,,,,
271,ክቡር,ፕሬዝዳንት,ለማ,መገርሳ,ምእራብ,ኦሮሚያ,ወለጋ,ከበበ,ተደረገ,ጦርነት,ተቃወመ,ግል,እረፍት,ወጣ,ዛሬ,እለት,ሀገር,አወቀ,,,,,,,,,,,,,,
272,ሰማ,"""እምብኝ","ህወሀት""",,,,,,,,,,,,,,,,,,,,,,,,,,,,,
273,አዲ,ማለዳ,አሪፍ,ሀተታ,ሰራ,ሊነበብ,ገባ,ግን,ጽሁፍ,ሄደ,ሀተታ,ገለጸ,"""ነበያት""",ወከለ,,,,,,,,,,,,,,,,,,
274,ገረመ,እይታ,ትንተና,እግረ,መንገድ,የዶር,ዮናስ,ብሩ,ኮኪ,አብሴሎምን,ላይክ,ድርግ,ትርፍ,ራስ,ሰውዬ,የኢትዮጲያን,ፖለቲካ,ብልት,አቅጣጫወች,ቀድሞ,ረዳ,,,,,,,,,,,
275,ላከ,ቦርድ,ጠፋ,ዳስተር,ረገፈ,ወጣ,ዞር,ዞር,መጣ,ደስታ,ትዝ,,,,,,,,,,,,,,,,,,,,,
276,ራስ,እጣ,ፈንታ,ያዘ,ፈረሰ,ገባ,ግን,እርግጥ,ሙሉ,ሀላፊነት,እብሪት,ጥጋብ,ኖረ,መሰለ,ቆሻሻ,ጥጋበኛ,,,,,,,,,,,,,,,,
277,ውነተኛ,ዲሞክራሲ,መሰረተ,ግፍ,ፎከረ,ድርጅት,ለም,ውነተኛ,ዲሞክራሲ,አበረ,መሰረተ,ሀገር,አበረ,አደነ,ሀገር,ተወዳደረ,ተቻለ,ተባለ,አይነት,ረሳ,ቃቃ,ጨዋታ,,,,,,,,,,
278,ተመሰገነ,ድምጽ,ድምጽ,አፈነ,አ,ማ,ራ,መራ,መንግስት,አስቸኳይ,ለቀቀ,,,,,,,,,,,,,,,,,,,,,
279,ብዙ,በጁዋር,መሀመድ,አመነ,ቀና,ኦሮሞ,ልጅ,ቁርጥ,የለ,መልእክት,ነገረ,ጁዋር,ቦታ,ሽንፈት,ለም,ልጅ,የተገባር,ፈጣሪ,የወደፊት,ምርጫ,አሸናፊ,,,,,,,,,,,
280,ፍቃድ,ክብር,ገለጸ,ተምሳሌት,እግዚያብሄር,እራሱን,በምልአቱ,ስፋት,ገለጠ,ረዳ,ቀረ,ፊት,ቆመ,ኖረ,,,,,,,,,,,,,,,,,,
281,ህዳሴ,ግድብ,ውዝግብ,ተካረረ,ዩናይትድ,ስቴትስ,ሀገር,ሰማ,አዲ,ስምምነት,ነደደ,ቀረበ,ፍላጎት,ዋዜማ,ተገኘ,መረጃ,አመለከተ,ዝርዝር,ያንብቡት,,,,,,,,,,,,,
282,ጉዳይ,ግን,ጦርመሳሪያ,ታጠቀ,ገባ,ፈቀደ,አጠያያቂ,,,,,,,,,,,,,,,,,,,,,,,,,
283,ሚድያዎችን,አስፈጻሚ,አከከ,ጫና,ነጻ,ድርግ,አዋጅ,ፈለገ,,,,,,,,,,,,,,,,,,,,,,,,
284,ብልጽግና,ፓርቲ,ከኢዜማ,ደረደረ,ጀመረ,ማህበራዊ,ትስስር,ተሰራጨ,መረጀ,ሳተ,"""",ገደማ,ተከታይ,ተባለ,ተከታይ,ተከተለ,ከፈተ,,,,,,,,,,,,,,,
285,ፖለቲካ,ሀገር,ህልውና,ለየ,መለስ,ፕሮጀክት,ቁርጠኝነት,ጀመረ,ሀገር,የወደፊት,ብልጽግና,ፈለገ,ሁላችንም,ነገ,ብሩህ,ተስፋ,አየ,ጨረሰ,ደህንነት,ጠበቀ,ሀላፊነት,አለንብ,,,,,,,,,,
286,ሀበሻ,ሂስ,ትስማማለህሚያለሽ,ሀበሻ,ሂስ,አባት,ራስ,ሙድ,ጋ,ተያያዘ,ሁሌ,ጉዳይ,ተገኛኘ,ቃመ,እርፍ,,,,,,,,,,,,,,,,,
287,የላዳው,ሹፌር,ስለራይድ,በዳታ,ጌታ,አመነ,እውቀቱ,ስዩም,,,,,,,,,,,,,,,,,,,,,,,,
288,አማራ,ብሄርተኝነት,ለእንናንተ,ሞተ,ተኛ,"""አማራ""",ተባለ,አንበሳ,ቀሰቀሰ,ጅራፍ,እንደዛ,ደገመ,ተገለገለ,መሪ,አወቀ,,,,,,,,,,,,,,,,,
289,ጋሞ,ዞን,ክልል,ቀረበ,ጥያቄ,ደቡብ,ክልል,ምክር,ቤት,ምላሽ,ነፈገ,ፌዴሬሽን,ምክር,ቤት,ጣልቃ,ገባ,ደብዳቤ,ጠየቀ,ዞን,ምክር,ቤት,ጋሞ,ክልል,ምስረታ,ጥያቄ,ድምጽ,ጸደቀ,ክልል,ምክር,ቤት,ቀረበ,ታህሳስ
290,አክራሪ,አነሰ,ታሪክ,ጠመመ,እዬሰራ,እኮ,ድርጅት,ጠበቀ,ድርጅት,እንደጎንደሩና,እንደዴሴው,ዱቄት,አረገ,ሰነበተ,,,,,,,,,,,,,,,,,,
291,ሰንበት,ትምህርት,ቤት,ፌስ,ቡክ,የዛ,አካል,ህጋዊ,ፌስ,ቡክ,ገጽይሁን,አይሁንየማይታወቅ,ያዘ,በደፈናውኦርቶዶክስ,ኦፊሺይል,አረገ,ተወራ,ተገቢ,ቀረ,ወረደ,ዘገባ,ንፍጣም,,,,,,,,,,
292,ደብረ,ጽዮን,ቅድስት,ድንግል,ማርያ,ገዳ,አርባምንጭ,,,,,,,,,,,,,,,,,,,,,,,,,
293,አጠር,ቀጠን,ሰኮንድ,ቪዲዮ,አየ,አሪፍ,,,,,,,,,,,,,,,,,,,,,,,,,,
294,"""በቅሎ","ይወልዳል""",ብሄር,ገራ,"""ሊወልድም","ይችላል""","""",ወሰደ,ፈረስ,"ነው""","""ይሄኔ",ብሄር,ገራ,ተናገረ,ኖረ,,,,,,,,,,,,,,,,,
295,ጎንደር,ዩኒቨ,ተቀበለ,ከሆበ,መቱ,ዩኒቨ,መሸኛ,ሰጠ,ቃል,ገባ,ጎንደር,ዩኒቨ,ፈቃደኛ,ሺ,አማራ,መራ,መሰለ,ተገኘ,,,,,,,,,,,,,,
296,ገረመ,አመት,ደፈነ,ጥቂት,ቀረ,ቅደመአያት,ኖረ,ስልክ,ወረረ,ጆሮ,ጥርት,ድርግ,ሰማ,ምርቃት,የምታሽጎደጉድ,ህይወት,አማ,አታውቅምከዳማከሴ,አለፈ,,,,,,,,,,,,,
297,መጻህፍት,ግማሽ,ዋጋ,ቅናሽ,ግማሽ,ቀን,ወሰነ,ሰአት,ቀረ,ድል,አመለጠ,ተከተለ,ሊንክ,ጫነ,ከአማዞን,ገዛ,,,,,,,,,,,,,,,,
298,ሳምንታዊ,ስፖርት,ዘገባ,,,,,,,,,,,,,,,,,,,,,,,,,,,,,
299,ድህረምርጫየትንኮሳቁ,"""ወጣቶች",ድምጻቹን,ህይወት,"እንዳትሰጡ""",ጠማ,አቢይ,አህመድ,,,,,,,,,,,,,,,,,,,,,,,,
300,አርባ,ጉጉ,በደኖ,አይን,አየ,ልጅነት,መጥፎ,ትዝታ,ኦነጎች,ዛር,ብዙ,እጠራጠራለሁነብሰጡር,አማራ,እናት,ቀረረ,ሆድ,ጩቤ,ቀደደ,ገደል,ጣለ,,,,,,,,,,,,
301,የኢፌዴሪ,ተከላከለ,ሚኒስቴር,ለአክቲቪስት,ጥሩ,ኖረ,ጠበቀ,,,,,,,,,,,,,,,,,,,,,,,,,
302,ከነ,ድንኳን,ነዋ,ለዛ,ሰርግ,የለቅሶ,አወቀ,,,,,,,,,,,,,,,,,,,,,,,,,
303,ፓርቲ,ከእነ,ጃዋር,ፌደራሊስቶች,ጋራ,ሰረረ,ሲዳማ,ብልጽግና,ባለስልጣን,ተደራጀ,ታጠቀ,ኢጀቶ,ደበደበ,ማዬት,ጓጓ,,,,,,,,,,,,,,,,,
304,ባለቤት,ጾም,እለት,በላ,በላ,ገጠመ,,,,,,,,,,,,,,,,,,,,,,,,,,
305,አድዋ,ድል,አል,መጣ,አመት,ረበሸ,ጀመረ,ቀረ,ትምክህት,አላመጣው,ሶሎዳን,ተራራ,ታሪክ,ዘራፍ,ለም,ጉራ,ጥላቻ,ገፋ,ገራ,ነጻ,ያዘ,ሀገር,አየ,ቴሌቪዥን,ታሪክ,ኣስቀርተሺኝ,,,,,,
306,“እነዚያ,ሰረገላ,ፈረስ,ተመነ,ግን,አምላክ,እግዚአብሄር,ከፍ,ከፍ,እንላለን”,መዝ,መልካ,ቅዳሚት,ሰንበት,ኢትዮጵ,,,,,,,,,,,,,,,,,
307,ምርጫ,መረጠ,ጨረሰ,ነገረ,ግን,የምር,ይሄን,ዜና,ሳነብ,ትዝ,ላከ,ተራ,ቁ,ግን,አመለጠ,ልምድ,,,,,,,,,,,,,,,,
308,ጎበዝ,የህወሃትን,ሙሉ,ገለጸ,አማርኛ,እስቲ,ጀባ,,,,,,,,,,,,,,,,,,,,,,,,,
309,ነሀሴ,ምርጫዉን,ተመለከተ,ዝናብ,እንማይዘንብ,ታዉቋልሜትሮሎጂ,ለምረጫዉ,በቂ,ጃኬት,ጥላ,ተዘጋጀ,ምርጫ,ቦርድ,,,,,,,,,,,,,,,,,,,
310,ሰጠ,ዘዎር,አየ,አመራር,ግን,አዘነ,ተጨዋቾች,ከፍ,ክብር,,,,,,,,,,,,,,,,,,,,,,,
311,ጊዜ,,,,,,,,,,,,,,,,,,,,,,,,,,,,,,,
312,ምርጫ,ፊት,ልዩ,ሀይል,ሚሊሺያን,እልባት,ሰጠ,,,,,,,,,,,,,,,,,,,,,,,,,
313,ሰፋ,እስር,ቤት,ሰላም,መጣ,እስክንድር,ለቀቀ,,,,,,,,,,,,,,,,,,,,,,,,,
314,ሀዘን,ብዛት,አይን,ብርሀን,አጣ,ሀገር,ሰላም,ዘወትር,ነባ,እማሆይ,,,,,,,,,,,,,,,,,,,,,,
315,ዘመን,መጠነ,ትግል,አካሄደ,ዘመን,መጠነ,ውጤት,መጣ,ቻለ,,,,,,,,,,,,,,,,,,,,,,,
316,ኦሮሞ,ትግል,ግብ,ደረሰ,ህዝብ,ቃል,ገብ,አመት,ሞላ,ህዝብ,ካደ,ህዝብ,ቃል,ገባ,ፈጸመ,ቃል,ፈረሰ,አዘነ,አላማቢስነት,ለም,,,,,,,,,,,,
317,አብርሾ,መልካ,መልካ,ልደት,ጃ,እድሜ,ገፈፈ,ጥሩ,እንዲሰመርልኝ,,,,,,,,,,,,,,,,,,,,,,,
318,እንዴ,አወቀ,እኮ,ሰውዬ,ምነው,ድሪ,አለበ,ተጫወተ,,,,,,,,,,,,,,,,,,,,,,,,
319,"""ጠባብ""","""ትምክተኛ""",አጣ,"""የቻሉ",አገዘ,ቻለ,ይተውናል,ገባ,ተቸ,ፈለገ,ተቃወመ,ግን,ወገብ,ጠበቅ,ድርግ,ጀመረ,ጨረሰ,ሪባን,ቈረጠ,ተስፋ,"አንቆርጥም""",ሰውዬ,,,,,,,,,,
320,ህይወት,ሀገር,ደህንነት,ቀደደ,,,,,,,,,,,,,,,,,,,,,,,,,,,,
321,ተስፋ,ቈረጠ,,,,,,,,,,,,,,,,,,,,,,,,,,,,,,
322,ጠቀመ,ትምህርት,,,,,,,,,,,,,,,,,,,,,,,,,,,,,,
323,መንግስት,ተብየውስ,ይወጣለታ,መልክ,አጠበ,ጠጣ,መና,,,,,,,,,,,,,,,,,,,,,,,,,
324,ዎረስት,ፓርቱ,አይደል,ታዲያ,ዩ,አርኖት,ሰፖዝድ,ቱ,ሪመምበር,እኮ,,,,,,,,,,,,,,,,,,,,,,
325,ህወሃት,ፍጥነት,እራሷን,መቃብር,ወረደ,አልጠበቅንምአብዛኛው,ኢትዮጵያዊ,ገላገለ,ቅርብ,ጋረ,ይገላገልሻልአንቺም,ታሪክ,እኩይ,ተግባር,ሲዘከር,ኖረ,,,,,,,,,,,,,,,,
326,እሴት,ጓደኛ,ሳተ,ጆባ,,,,,,,,,,,,,,,,,,,,,,,,,,,,
327,ቴዲ,አፈረ,መስቀል,አደባባይ,ሙዚቃ,ኮንሰርት,ቀረበ,,,,,,,,,,,,,,,,,,,,,,,,,
328,ዘራፊ,ነበረ,ነገረ,አየ,,,,,,,,,,,,,,,,,,,,,,,,,,,,
329,ባለሙያ,ዱኩላ,,,,,,,,,,,,,,,,,,,,,,,,,,,,,,
330,ምቾት,ያላማከለ,ውነታ,መካከለኛ,ቀረ,ጓደኛ,"""እስኪ",ተገኛኘ,ሰብሰብ,"ደውሉልኝ""",ምንለው,"""እስኪ",ተደራጅታቱ,ናደ,ሙሉ,"""",ፈለገ,መሰለ,,,,,,,,,,,,,,
331,ሸጋ,ለም,ብይ,እውነት,ቆንጆ,ለም,ብይ,እውነት,ጉድ,አረገ,አበለ,ጠንበለል,በቀለ,ውበት,አየ,አለፈ,መታ,ቸገረ,ተሸነፈ,ቃል,አሄሄ,ንግር,,,,,,,,,,
332,ዛዲያ,ድርጅት,መታገታቸውን,ሰማ,ድርግ,ህዝብ,እኩል,ጠየቀ,ፋረ,ነገ,ብልጽግና,ምናምን,ተወራ,ልሳን,አሰረ,,,,,,,,,,,,,,,,,
333,ሜድቬዴቭ,ሩሲያ,ጸጥታ,ምክር,ቤት,ምክትል,ሾመ,,,,,,,,,,,,,,,,,,,,,,,,,
334,ድርጅት,ሰራ,ስራ,ይቅርታ,ጠየቀ,መአዛ,ነገረ,,,,,,,,,,,,,,,,,,,,,,,,,
335,አማራ,ተስፋ,በላ,ተቋም,ለማፈረስ,ተጋ,ሰራ,አውርጃዊ,አስተሳሰብ,ህዝብ,አንድነት,ጸር,ድርጅት,አዴፓን,አማራ,ትክሻ,ወረደ,የክዘመኑ,አማራ,ረፍት,,,,,,,,,,,,
336,እውነት,እኮ,ሰራ,አማ,ጣለ,ትኵር,,,,,,,,,,,,,,,,,,,,,,,,,,
337,ችግር,ወይስ,ሰራ,በት,ስራ,አቁማል,,,,,,,,,,,,,,,,,,,,,,,,,,
338,አማራ,ተደረገ,ጨዋታ,ዶ,ር,አቢይ,ተቃወመ,ህወሀትን,ደገፈ,አይነት,አማራ,ትግል,,,,,,,,,,,,,,,,,,,,
339,እስላም,የክርስትያንም,አገር,አለመ,ድርሻ,ተበላለጠ,ደገመ,ጤነኛ,ሰዋ,ሳያቅማማ,ተቀበለ,ይልቁንስ,ሀይማኖታዊ,አስተምህሮ,መስመር,ወጥ,ደረሰ,ዳረገ,ሰላም,,,,,,,,,,,,,
340,ድጋፍ,,,,,,,,,,,,,,,,,,,,,,,,,,,,,,,
341,ወደደ,ሚመልሰው,መንግስት,ጆሮ,ግንድ,ያዘ,ሚቀበለው,ሆሆሆሆ,,,,,,,,,,,,,,,,,,,,,,,,
342,ደረሰ,ሊጠለሽ,ቻለ,ስራ,ግልጽ,,,,,,,,,,,,,,,,,,,,,,,,,,,
343,እውነት,ሚዲያ,አልሳዩንም,,,,,,,,,,,,,,,,,,,,,,,,,,,,,
344,ኢራን,ሰአረ,ገደለ,ሰጠ,ምላሽ,ቀና,,,,,,,,,,,,,,,,,,,,,,,,,,
345,እሺ,እሄ,አዪዪዪ,,,,,,,,,,,,,,,,,,,,,,,,,,,,,
346,አላውቅምብዙ,ረበረበ,ለም,ስራ,ተመቸ,ግን,ከባድ,,,,,,,,,,,,,,,,,,,,,,,,,
347,የቼልሲ,ደጋፊ,ህውን,ተወራ,ዘጋ,መልካ,ፎከረ,ዶርትመንድ,ተጫወተ,ግን,የአንጎል,ሞተ,መንትዮች,አናጢ,ተበላሸ,ቼሊየር,ሄደ,አመነ,ሰባ,,,,,,,,,,,,,
348,በሚልዬን,ቈጠረ,የጃዋር,ተከታይ,ድንጋይ,አይ,ምላስ,በቃ,ብዙ,ቻለ,ተስፉ,ቈረጠ,ምልክታቹ,,,,,,,,,,,,,,,,,,,
349,ትልቅ,የምስራች,አብዮታዊ,አቻ,ቀላቀለ,ቅርጽ,ያዘ,መሰለ,,,,,,,,,,,,,,,,,,,,,,,,
350,"""እኚህ",ወለጋዎች,ሸዋ,ሳይገቡበህዝብ,ፊት,ሰቀለ,እርም,"አስብሏቸው""",ቀአጼ,ሀይለስላሴ,,,,,,,,,,,,,,,,,,,,,,
351,እረኛ,የለሽ,በጋ,ያለቦታው,ሰፈረ,ተተራመሰ,ረገጠ,ረገጠ,ቈረጠ,አነሰ,,,,,,,,,,,,,,,,,,,,,,
352,ድሮ,ኬዝ,መታ,ተገኛኘ,ኣ,ሳጅን,,,,,,,,,,,,,,,,,,,,,,,,,,
353,ኢየሱስ,ክርስቶስ,ፈለገ,ተገኘ,በትር,አነሳ,,,,,,,,,,,,,,,,,,,,,,,,,,
354,ቁም,ቅዥት,አለም,መሸ,ስር,እውነት,ተናገረ,ከቅዥት,,,,,,,,,,,,,,,,,,,,,,,,
355,አየ,ግን,,,,,,,,,,,,,,,,,,,,,,,,,,,,,,
356,ዲናዬ,ያዉ,አዲ,ፍቅር,እኮ,ቸገረ,,,,,,,,,,,,,,,,,,,,,,,,,,
357,ህወሀትን,ጠላ,ህወሀት,ብልጽግና,ቀላቀለ,ንድድ,ገባ,,,,,,,,,,,,,,,,,,,,,,,,,
358,ፍርድቤትን,ከበረ,ከህግበላይ,አሉ,ንብረት,ከኦረሚያ,የምርምርሰወች,ነጠቀ,ምንታመጣላችሁ,ከህግበላይ,ለማ,አቤትእነበል,,,,,,,,,,,,,,,,,,,,
359,ድሮ,ጠርጥሬ,ቀልቃላ,ቢጤ,,,,,,,,,,,,,,,,,,,,,,,,,,,,
360,ባህር,ዛፍ,ፊት,እርሱማ,ትናንት,ምናምን,እድሜ,,,,,,,,,,,,,,,,,,,,,,,,,
361,ወንድም,ሆይ,ውነተኛ,ጭምትነት,ጽድቅ,ንጹህ,ፍቅር,መልካ,በጎነት,ምስጋና,አሰበ,ፊል,,,,,,,,,,,,,,,,,,,,
362,ኢዜማዎች,እስክንድር,ሰበሰበ,መብት,ገዥ,ቡድን,ከለከለ,ፈነደቀ,ገባ,ዛሬ,መንግስት,ወደደ,ፓርቲ,ቀድሞ,ጠራ,"""አጋር","ፓርቲ""",ነገ,መጣ,አወቀ,አፈረ,,,,,,,,,,,
363,ገጠር,ከበበ,አብይ,ደገፈ,እንደሰማውት,,,,,,,,,,,,,,,,,,,,,,,,,,,
364,ህውሀት,አልዋህድም,በተለይ,ደገመ,በአዴፓ,ደጋፊ,ደነገጠ,ታየ,መረተ,ያውርድላቹሁ,,,,,,,,,,,,,,,,,,,,,,
365,ገረመ,ንግግር,ደመቀ,ኰነነ,ውህደት,ለማ,እውነቱ,ተናገረ,,,,,,,,,,,,,,,,,,,,,,,,
366,ተገኘ,ብዙ,ስዎች,አሉ,ከልብዎት,ቀረ,ግን,ህውን,አደረስዎት,አለለ,ላፈ,,,,,,,,,,,,,,,,,,,,,
367,አወቀ,መሀል,አዲ,አበባ,ወለደ,አደገ,ግን,ነጭ,ሸዋ,ገበሬ,እህል,ማሳ,አደይ,አበባ,ውበት,ቀረበ,ብይ,አሰበ,,,,,,,,,,,,,,
368,ክልል,በተወዳዳሪነት,አደገ,መልካ,ድል,,,,,,,,,,,,,,,,,,,,,,,,,,,
369,አይን,ድርግ,ተመቸ,,,,,,,,,,,,,,,,,,,,,,,,,,,,,
370,ለውጥ,ተባለ,ተበሳጨ,ህዝብ,ግፍ,ፈጸመ,ሰራ,መንግስት,ስልጣን,ያዘ,ተቀመጠ,የግፉአን,ደም,ጮኸ,,,,,,,,,,,,,,,,,,
371,ብልጽግና,ተቀበለ,ድህነት,ድህነት,ምንጭ,ደሀ,መሰነ,አሰበ,,,,,,,,,,,,,,,,,,,,,,,,
372,ተራ,አምባገነን,ሁሌም,ኰሳ,ደነበረ,እውነት,ሁሌም,ተሸነፈ,ድል,ዲሞክራሲ,,,,,,,,,,,,,,,,,,,,,,
373,"""",አባት,ታሪክ,ደገመ,ላከ,ልጅ,ደህና,"""",,,,,,,,,,,,,,,,,,,,,,,,
374,ችግር,ኦነግ,ከነትጥቁ,ገባ,ችግር,ፍትሀዊ,ወለጋ,ክልል,ጥያቄ,አፈነ,ሞከረ,ወለጋ,ክልል,ጥያቄ,አፋጣኝ,መልስ,ተገኘ,,,,,,,,,,,,,,,
375,ምስጢር,ተናገረ,ጥሩ,,,,,,,,,,,,,,,,,,,,,,,,,,,,,
376,ጥር,“ዱካ,ሁሉ”,ተባለ,ሰፈረ,አሽከርካሪ,መኪና,ደህንነት,ጠበቀ,ሰራ,በራይድ,መኪና,ይፋ,ተደረገ,,,,,,,,,,,,,,,,,,
377,ቀላጺነት,ትርጉም,አለበ,አየ,,,,,,,,,,,,,,,,,,,,,,,,,,,,
378,አዲስ,አበባ,ከተማ,አስተዳደር,ነዋሪ,ህይወት,ቀየረ,ድርግ,እንቅስቃሴ,ህዝብ,ተወካይ,ምክር,ቤት,ደነቀ,,,,,,,,,,,,,,,,,,
379,ወሳኝ,,,,,,,,,,,,,,,,,,,,,,,,,,,,,,,
380,ሀገር,አይገዳቸውም,ሀብት,አይነት,ልክፍት,,,,,,,,,,,,,,,,,,,,,,,,,,,
381,ጃዋር,መሀመደን,አለም,ቀፈፈ,መድረክ,ከሰሰ,ኢትዮጵያዊ,ወጣት,ምሁር,ተናገረ,,,,,,,,,,,,,,,,,,,,,,
382,የሚገርኝ,ኖረ,ፖለቲካ,ተራመደ,ቤተ,እምነት,ቅጥል,ፈለገ,ናቀ,ፖለቲካ,ተራመደ,ማረ,ማረ,ማረ,ቤተ,እምነት,ቅጥል,ፖለቲካ,ደገመ,ለየ,,,,,,,,,,,,
383,ከበረ,ታማኝ,ፍቅር,ዝቅ,የምታክር,የምተስከበር,ውድ,መራ,ሰላም,ተመለስክልንበ,,,,,,,,,,,,,,,,,,,,,,
384,ምስል,አየ,ሰአት,አየር,መንገድ,መስመር,ቀየረ,ኢራቅ,ኢራን,አየር,ክልል,ተወ,አቅጣጫ,አመራ,,,,,,,,,,,,,,,,,,
385,ጥበብ,ልምድ,ሞከረ,ብዙውን,ጊዜ,ጥበብ,ጥረት,ምክንያት,መጣ,,,,,,,,,,,,,,,,,,,,,,,
386,አማን,ነፍስ,ነፍስ,ማረ,ተንኮል,ፈጠረ,ነበረ,ቀረበ,ቻርሊ,ቻፕሊ,,,,,,,,,,,,,,,,,,,,,,
387,እውነት,ፊት,አየ,ፈገግታ,ተስፋ,ልበ,ሙሉነታቸው,ሀሴት,ያጎናጽፋል,አሜን,ዋለ,አደለ,,,,,,,,,,,,,,,,,,,,
388,አብሽር,ቮድካውን,ዋዜማ,ገባ,ፊት,ደረሰ,,,,,,,,,,,,,,,,,,,,,,,,,,
389,ዘመን,ባረከ,ዲላ,አካባቢ,ብቅ,ጊዜ,ሰጠ,ለውጥ,ናፈቀ,,,,,,,,,,,,,,,,,,,,,,,
390,ዱቄታም,አነበበ,ታሪክ,ያሽው,ደብተራ,ነገረ,እስክንድር,ደሞ,ወያኔ,ጥፍር,ጸጉር,ነቀለ,ማንነው,ፈታ,,,,,,,,,,,,,,,,,,
391,ዛሬ,ሀብታም,ጎሮቤት,ተደሰተ,ታዋቂ,ጎሮቤት,ተደሰተ,ጀነት,የነብዩ,ሰለላሁ,አለይሂ,ወሰለም,ጎሮቤት,መሆንግን,ሱብሀነላህ,አደለ,አላህ,ገራ,,,,,,,,,,,,,,
392,ሰይፍ,ግን,ዛሬ,መሸ,ቤት,ሚስት,ተቈጣ,እንዴ,,,,,,,,,,,,,,,,,,,,,,,,
393,ህወሀት,ብልጽግና,ልማት,መረጠ,ኢዜማ,በአሯሯጭነት,ብልጽግና,ቀጠለ,,,,,,,,,,,,,,,,,,,,,,,,
394,ስብሰባ,ዝግጅት,ቢኖረም,መጣ,ትህዛዝ,በቅድመ,ስምምነት,ከፈለ,አዳራሽ,ህግ,ገባ,ዉጪ,መንግስት,ጥብቅ,መመሪያ,ተሰብሳቢዉ,ገባ,በር,ሰበሰበ,ተገደደ,አየ,ቸኮል,,,,,,,,,,
395,ማለ,ትክክለኛ,ቤት,ሚገኙት,ንዴት,ለየ,ተቻለ,ብርድ,መታ,ቀረ,ግን,ጎረምሳ,አሸ,ፈለገ,,,,,,,,,,,,,,,,,,
396,ጉቶ,ጀመረ,ተቸ,ደረሰ,ከብት,ተቸ,አቅም,ፈቀደ,ንቅል,ድውይ,,,,,,,,,,,,,,,,,,,,,,
397,ጀመረ,ደበቀ,,,,,,,,,,,,,,,,,,,,,,,,,,,,,,
398,ድል,ሀውልትኮ,ምስራቅ,ድል,ተቀዳጀ,ሰራዊት,ኩባ,አሰበ,ኩባ,ወዳጅነት,አደባባይ,ማነው,,,,,,,,,,,,,,,,,,,,
399,ቃል,እግዚአብሄር,ነበረ,ዮሀ,ወንጌል,ቃል,ስጋ,ጸጋ,እውነት,ተመልቶ,አደረ,ዮሀ,ወንጌል,,,,,,,,,,,,,,,,,,,
400,ከፍተኛ,መንግስት,ስራ,ሀላፊ,ከታገቱ,መራ,ወላጅ,ውይ*,ጠቀለለ,ሚኒስትር,ዶር,አቢይ,አህመድ,ጨመረ,ከፍተኛ,መንግስት,ሀላፊ,ቅርብ,ከታገቱት,ደምቢዶሎ,ዩኒቨርሲቲ,መራ,ወላጅ,ውይ*,,,,,,,,
401,ተለቀ,ጦርነት,ተሸነፈ,ተሸናፊ,ለም,,,,,,,,,,,,,,,,,,,,,,,,,,,
402,ወጣ,ገባ,ነጣ,አብሲት,ጠፋ,ወንጀል,ወንጀል,ደሞ,ከሰሰ,ቀጣ,,,,,,,,,,,,,,,,,,,,,,
403,ሀገር,ፈጠረ,ችግር,መረጠ,ያወግዛሉአንድ,ጥላሸት,ተቀበለ,ለየ,አለፈ,,,,,,,,,,,,,,,,,,,,,,,
404,ቀጠለ,ከዚያን,ጭቅጭቅ,ምርጫ,ጊዜ,ረዘመ,ስምምነት,ጉልበት,ተቃዋሚ,መጣ,አጓጉል,ብልጥግናወለድ,ሁከት,አመነ,ነሀስ,አቀደ,ምርጫ,ረዘመ,,,,,,,,,,,,,,
405,እግዚአብሄር,የማትችለዉን,ሰጠ,ተጨነቀ,,,,,,,,,,,,,,,,,,,,,,,,,,,,
406,አጠቃላይ,ግማሽ,ቢሊዮን,ብር,ገመተ,ባእድ,ቀላቀለ,ገመተ,ቅቤ,ማር,ምርት,ተጠረጠረ,ያዘ,ምግብ,መድሀኒት,ቁጥጥር,ባለስልጣን,,,,,,,,,,,,,,,
407,ኢዜማ,ዋነኛ,መንገድ,በደለ,መውቀስየተከራየውን,ሆቴል,ከለከለ,ገባ,,,,,,,,,,,,,,,,,,,,,,,,
408,“ሀበሻ,ማረ,መጣ,ወንድም,ፎቅ,ወረወረ,ጣለ,አውስትራሊያ,ካንጋሮ,ያዘ,ጸሎ,,,,,,,,,,,,,,,,,,,,,
409,ቡዜ,ባከነ,ትውልድ,ምርጥ,ድምጽ,"""ተረጋጋሽ","ወይ""",ኩኩዬ,ደገመ,ጸሀይቱ,ዛሬ,ቁጭ,ድርግ,አደረ,,,,,,,,,,,,,,,,,,
410,አረ,ውሸት,በቃ,ቀረ,እውነት,ተወራ,,,,,,,,,,,,,,,,,,,,,,,,,,
411,ደገመ,ከፕሬዝዳንቱአ,ቀጠለ,ቻለ,,,,,,,,,,,,,,,,,,,,,,,,,,,,
412,ሀረር,ኦሮሞ,ፌዴራሊስት,ኮንግረስ,ድጋፍ,ሰጠ,ወጣ,ማእበል,ኦፌኮ,ቀን,ጉዞ,ምስራቅ,ኦሮምያ,ግዛት,ግልጽ,ድርግ,,,,,,,,,,,,,,,,
413,ብይ,እኮ,,,,,,,,,,,,,,,,,,,,,,,,,,,,,,
414,እነዚ,ችግር,ቀን,ምስኪን,ገበሬ,ቀጥታ,ምርት,ከተማ,ገባ,ሸጠ,ድል,ከፈተ,ምኞት,,,,,,,,,,,,,,,,,,,
415,እንግዲህ,ከጠሚነት,በለጠ,ስልጣን,ሀላፊነት,ሾመ,ቻለ,ሀይለማርያም,ደሳለኝ,ተሻለ,,,,,,,,,,,,,,,,,,,,,,
416,ቅዠታም,ገና,መረጠ,ሰራ,መልካ,መታ,ተነሳ,ለም,ዘንድሮ,ዞረ,ፈያመካ,,,,,,,,,,,,,,,,,,,,,
417,ደገመ,ረዳ,እውስ,ጥሩ,,,,,,,,,,,,,,,,,,,,,,,,,,,,
418,ለሁላችሁም,ዛሬ,ረፋድ,ሰአት,ሰፊ,ዘመቻ,ድርግ,አጀንዳ,ቀረ,መራ,ለቀቀ,መንግስት,ግልጽ,መረጃ,ሰጠ,ነገ,ተማ,,,,,,,,,,,,,,,
419,"""የሚጠሉኝ",ገብ,"ናቸው""",አቶ,በላ,ልክ,ኖት,ባሻ,,,,,,,,,,,,,,,,,,,,,,,,
420,ባእድ,ሀይል,ሰየመ,ጠሚር,መራ,መንግስት,"""ድርድር""",ገለመሌ,ገባ,ብቸኛ,ምርጫ,ሀይል,ጠቀመ,በቱ,ወለጋ,ዞን,ወሰደ,ወታደራዊ,እርምጃ,የእመቃ,ተግባር,ሁነኛ,ረገጠ,,,,,,,,,
421,"""መንግስት","ምንያድርግ""",ደረቅ,ታበየ,"""ጽናቱን","ይስጠው""",ለሰለሰ,ገባ,ህዝብ,ደህንነት,ጠበቀ,ግዴታ,ነውውውውው,ቤክ,መስጊድኮ,ልመና,ሀላፊነት,ጉዳይ,መንግስት,ሆይ,ስራ,ስራ,ቀደዳ,ተወ,,,,,,,,
422,ፍጥነት,ፈታ,ፋኖ,እኮ,,,,,,,,,,,,,,,,,,,,,,,,,,,,
423,የሞጣውን,ጥቃት,ጠቀመ,አማራ,ተጠቃ,ሩቅ,ተጓዘ,ባይገርምምመፍቴውን,ቀላል,ተገኘ,ቻለ,መሰለ,,,,,,,,,,,,,,,,,,,,
424,ዘር,ተሻለ,አሰበ,ሰበሰበ,ግብርና,ሚኒስቴር,መዘገበ,,,,,,,,,,,,,,,,,,,,,,,,,
425,ግን,ዲሞክራሲያዊ,ሰብአዊ,መብት,ነካ,,,,,,,,,,,,,,,,,,,,,,,,,,,
426,አመት,ሙሉ,ፓርቲ,መንግስት,ደባልቀዉ,ጠቀመ,ቢሊዮን,ቈጠረ,ግብር,ከፋይ,ገንዘብ,ከነወለዱ,ቱም,ድርጅት,ከፈለ,አለባቸው,ለየ,ህወሀት,,,,,,,,,,,,,,
427,ሀድያ,ተጨዋች,መሀመድ,ናስር,ጠፋ,ክለብ,ተመልሶ,አወቀ,ገባ,መረጃ,ለም,ሀድያ,ሆሳና,እግርኳስ,ፌደሬሽን,ጠፋ,ተመለከተ,,,,,,,,,,,,,,,
428,ዜጋ,ደረሰ,ሃጉለሀሰን,ሀገር,ጉብልሊት,ሀገሬ,ንቅናቄ,እጅ,ገለጸ,,,,,,,,,,,,,,,,,,,,,,,
429,አሜን,ብያለው,ዘመድ,ግን,ሽንኩርት,ከተፈ,ሽንኩርት,ከተፈ,እጅ,ባረከ,,,,,,,,,,,,,,,,,,,,,,
430,ትዳር,ፈታ,ጥሩ,ግድ,ግን,አሰበ,መከረ,እቃ,,,,,,,,,,,,,,,,,,,,,,,,
431,ጦር,ጀነራል,ነገደ,ውሀ,ስራ,መደበ,"""በተመደብክበት","ስራ""",ትንሽ,ፋረ,ወንድ,አድርባይነትም,ልክ,,,,,,,,,,,,,,,,,,,
432,ሙስሊም,ጠል,ሚዲያ,ኛ,አስራት,ቲቪ,ኛ,ኢሳት,ቲቪ,ኛ,ሚዲያ,ኛ,በረራ,መጽሄት,ኛ,ኢትዮፒስ,መጽሄት,ኛ,ቢቢሲ,አማርኛ,,,,,,,,,,,,
433,በኮሮና,ቫይረስ,ተጠረጠረ,አራት,ኢትዮጵያዊ,ቫይረስ,ነጻ,ረገጠ,,,,,,,,,,,,,,,,,,,,,,,,
434,ሀድያ,ዞን,ምክር,ቤት,ሀድያ,ብሄር,ክልል,ተደራጀ,ጥያቄዉን,"""የክልሉ",ምክር,ቤት,"ባለማስፈጸሙ""",ፌዴሬሽን,ምክር,ቤት,ይግባኝ,ቀረበ,ሀድያ,ዞን,ግንኙነት,ጽቤት,,,,,,,,,,
435,ስለቦነስ,ተወራ,ተማረ,ታህሳስ,ጨረሰ,ሰኔ,ጨረሰ,ወርሃ,ቦነስ,የቦነስ,ባለማእረጎችን,ትዝታ,ቀሰቀሰ,,,,,,,,,,,,,,,,,,,
436,ናቀ,ተባለ,,,,,,,,,,,,,,,,,,,,,,,,,,,,,,
437,ከብሄርተኝነትና,ጸዳ,ምርጫ,ፍትሀዊ,ቻለ,,,,,,,,,,,,,,,,,,,,,,,,,,,
438,ረዳት,ሴት,ኖረ,ፓርቲ,ቀየረ,,,,,,,,,,,,,,,,,,,,,,,,,,,
439,ዘፈን,ከሀ,ፐ,ስክትክት,ሰማይ,ያንሳፍፋል,,,,,,,,,,,,,,,,,,,,,,,,,,
440,ጀመረ,ምርጫ,ተሸነፈ,ክላሽንኮቭ,ብሄር,ፖሊሲ,ግድ,መረጠ,እምብዛም,,,,,,,,,,,,,,,,,,,,,,,
441,ኛ,ምሉ,ሰፋ,እግዚያብሄር,ስፍራ,ወሰነ,ስፍራ,እግዚያብሄርን,ወሰነ,ተገኘ,,,,,,,,,,,,,,,,,,,,,,
442,ሰሞን,አምፓል,ቈጠረ,,,,,,,,,,,,,,,,,,,,,,,,,,,,,
443,ንግድ,ገባ,የሚባርቅበት,ሚድያሱራፌል,,,,,,,,,,,,,,,,,,,,,,,,,,,,
444,ረዳ,"ለ""ፊውዳሉ","ስርአት""",ጥብቅ,ቆመ,ለየ,አንደማንኛውም,ሀይማኖት,ገባ,መንግሰታዊ,ስርአት,ሀይማኖት,ባህል,ወገንተኝነት,ነበረ,ካደ,ተቻለ,መሰለ,,,,,,,,,,,,,,
445,አገር,መሰረተ,ጀመረ,ቆመ,ፈለገ,መሰለ,ከእዚህ,በህዋላ,ኢትዮጵያዊነት,ተግባር,በአዝማሪ,ቆመ,መሰለ,አዎ,ተግባር,,,,,,,,,,,,,,,,,
446,ምርጫ,አፈና,ጀመረ,"""ባልደራስ",ለእዉነተኛ,ዲሞክራሲ,"ፓርቲ""",መንግስት,ተጽእኖ,አዳራሽ,ከለከለ,ሜዳ,ወለደ,ፊት,ፊት,መራራ,ትግል,ይጠ,,,,,,,,,,,,,,
447,በላ,እንግዲህ,ዛፍ,ተክል,አወቀ,አካውንት,ከፈተ,ታዲያ,,,,,,,,,,,,,,,,,,,,,,,,
448,ለታ,ወሎ,ዩኒቨርሲቲ,አጠገብ,በባስ,አለፈ,ረዳት,ለሹፌሩ,ጠጋ,"""",ቀስ,ከበበ,አህያ,በዛ,"""",አይይይ,ዩኒቨርሲቲ,ማረ,መኧለጃ,,,,,,,,,,,,,
449,አጭር,አወቀ,መንገድ,ሄደ,,,,,,,,,,,,,,,,,,,,,,,,,,,,
450,ተወሀደ,ትንሽ,ቢገዳደሩት,ጥሩ,,,,,,,,,,,,,,,,,,,,,,,,,,,,
451,ህግ,በላይነት,ዙሪያ,ተስፋ,ቈረጠ,ቀረበ,ተስፋ,ቈረጠ,ገባ,,,,,,,,,,,,,,,,,,,,,,,
452,ህዳር,በእለተ,አክሱም,ጽዮን,ማርያ,የአድዋው,ሰይጣን,ህወሃት,ግብአተ,መሬት,ፈጸመ,ህወሃት,,,,,,,,,,,,,,,,,,,,
453,ባህርዳር,አባት,እንባ,ባህር,ዳር,ሙስሊም,ሰልፍ,ነካ,አባት,—,,,,,,,,,,,,,,,,,,,,,,
454,ኛ,በሀሳዊያን,ዞረ,የትዊተር,አካውንት,ለቀቀ,መረጃ,ተቀበለ,ተሰራጨ,ራስ,እኩይነት,ኛ,ቋንቋ,ከመግባቢያነት,አለፈ,መሪ,ሀገር,ጥቅም,ጠበቀ,ብልሀት,ውሳኔ,ሰጭነትን,መዘነ,,,,,,,,,
455,ንቅል,ጀመረ,ቅዱስ,ለውጥ,አወቀ,ቀጠለ,ዥልጥ,ተመቸ,,,,,,,,,,,,,,,,,,,,,,,,
456,ምነው,ቀልድ,ንጹሀን,ባናረገው,,,,,,,,,,,,,,,,,,,,,,,,,,,,
457,ስንፍና,ግልጽ,አመነ,አረፈ,እንቁላል,ጠበበ,ወሰነ,,,,,,,,,,,,,,,,,,,,,,,,,
458,ዝባዝንኬ,ተወራ,ሽፍታ,ፖለቲካዊ,ግብ,ያዘ,ጫካ,ገባ,አወቀ,ተነጠለ,"""ለክፉ","ቀን""",ጠበቀ,እያባበሉም,እያሰታጠቁም,ቈየ,መረጠ,እነርሱው,,,,,,,,,,,,,,
459,ከንትባችን,ግን,አደለ,አያየን,ነውየራሳችን,ከተማ,ተቋቋመ,ገፋ,ያሁነያ,,,,,,,,,,,,,,,,,,,,,,,
460,ምሽት,ቤት,ከበበ,ብልት,ይቀሰራል¡,ቀሰረ,ብልት,ደገመ,ያስፈልገዋል¿,,,,,,,,,,,,,,,,,,,,,,,
461,ሁኔን,ደመረ,ውይ*,ውይይት,ዉጤታማ,ሁለችንም,ከአብቹ,ጎን,እንቁ,,,,,,,,,,,,,,,,,,,,,,,
462,ፓርቲ,ጽህፈት,ቤት,ንብረት,ርክክብ,ተገኛኘ,ጉዳይ,እልባት,ግኝ*,ምርጫ,ቦርድ,ለኢዜማ,ህጋዊ,እውቅ,ሰጠ,ኢዴፓ,አሰበ,,,,,,,,,,,,,,,
463,ከለከለ,ልክ,ብዙ,ተገኘ,በማያቀው,ስታድየም,ኳስ,አየ,ግልጽ,መሰለ,,,,,,,,,,,,,,,,,,,,,,
464,ሁሌ,ተዝረከረከ,ወጣ,እንዴ,ማፈቅራትን,ልጅ,ማገኛት,,,,,,,,,,,,,,,,,,,,,,,,,
465,ጥሩ,ተመሰገነ,,,,,,,,,,,,,,,,,,,,,,,,,,,,,,
466,ዛሬ,ጠዋት,ግብጽ,ሱዳን,ሚኒስትር,አዲ,አበባ,ህዳሴ,ግድብ,ዙርያ,መከረ,ጀመረ,ኢንጂነር,ስለሺ,በቀለ,ውይይት,ግድብ,ሞላ,ጠቀመ,ድርቅ,,,,,,,,,,,,
467,ጥቆማ,እግዜር,ያክብርለኝ,ንዋይ,ዘፈን,ከልኬት,,,,,,,,,,,,,,,,,,,,,,,,,,
468,እህት,አንጀት,አረረ,ቁንጅና,ጠፋ,መልክ,ሰላም,አይሆን,እናርገውምጽ,,,,,,,,,,,,,,,,,,,,,,,
469,ዶሮ,ለሊቱን,ተኛ,ያስባለው,,,,,,,,,,,,,,,,,,,,,,,,,,,,
470,ቃና,ግርማ,በየነ,ተጫወተ,ፈለገ,አዲ,ለቀቀ,ነጠላ,ተራ,ሰራ,አየ,ጀመረ,,,,,,,,,,,,,,,,,,,,
471,ተነሳ,ሰደድ,እሳት,ሚሊዮን,እንሰሳ,ሞተ,,,,,,,,,,,,,,,,,,,,,,,,,,
472,የጣኦተ,ሚትራ,አረማዊ,ተመኘ,መልካ,"""የማትበገረዋ",ጸሀይ,"ልደት""",ለክርስቶሳውያን,መልካ,ገና,,,,,,,,,,,,,,,,,,,,,
473,እስር,ቤት,ዘበኛነት,አማረ,ሰማ,ይጠበቅይል,ዘባረቀ,ስራ,ዘነጋ,ማነህ,ዘበኛ,,,,,,,,,,,,,,,,,,,,,
474,የአደዋ,ተጋሩዎች,ጠቀመ,ቻለ,ግን,አፈር,በላ,ኦሮሞ,ጠባብ,ሲገሉ,አማራ,ትምክህተኛ,ሲገሉ,ቀን,ትንፍ,ላላ,ጭራሽ,ዞረ,ጌታቸው,አሰፋ,,,,,,,,,,,,
475,ልክ,ለየ,አተገባበር,ጠቀመ,ላከ,ለዛ,,,,,,,,,,,,,,,,,,,,,,,,,,
476,አንዴት,ከእዉቀት,ነጻ,,,,,,,,,,,,,,,,,,,,,,,,,,,,,
477,ቆሻሻ,ስው,,,,,,,,,,,,,,,,,,,,,,,,,,,,,,
478,አሜን,አሜን,አሜን,መልካ,ደረሰ,,,,,,,,,,,,,,,,,,,,,,,,,,,
479,"""ወልዶ",አደገ,ብዙ,አወቀ,አፍ,ሰጠ,እጅ,"ሲርቅበት""",,,,,,,,,,,,,,,,,,,,,,,,
480,ድንቅ,ውነተኛ,ዲሞክራሲ,ለማያቃችሁ,ጠና,,,,,,,,,,,,,,,,,,,,,,,,,,,
481,ኢንቨስትመንት,ጨበጠ,መልክ,ኦሮሚያ,አጎራባች,ክልል,ሄደ,,,,,,,,,,,,,,,,,,,,,,,,,
482,ያዘ,እኝኝኝኝ,የትዊተር,ፖለቲኮኞቻችን,ጠርዘኞች,ሁልሽም,ሀገር,ሰላም,ሰጠ,ጠጅ,ያስተፈስ,ልበ,ሰብ,,,,,,,,,,,,,,,,,,,
483,ሀሳብ,ድንቅ,ጫነ,ግን,ላእቃ,,,,,,,,,,,,,,,,,,,,,,,,,,,
484,የቴፒ,ከተማ,ሰላም,ጸጥታ,ስጋት,,,,,,,,,,,,,,,,,,,,,,,,,,,
485,ህግ,ስርአት,ከበረ,መንግስት,ደህንነት,አመነ,ትምህርት,ቤት,ወጥ,መራ,ገታ,ጊዜ,መንግስት,,,,,,,,,,,,,,,,,,,
486,መሬት,ግል,ተዛወረ,ግን,ብዙ,ሀይል,ክምችት,ከበበ,ሰፊ,አረሰ,መሬት,ወደአለበት,ከበበ,ሄደ,ተከራይቶገዝቶ,ኮንትራት,ቻለ,ድል,ፈጠረ,,,,,,,,,,,,,
487,እኮ,ደህና,አወቀ,ቈየ,ዝም,አለም,ፈለገ,ተገኘ,,,,,,,,,,,,,,,,,,,,,,,,
488,አዲስ,ተቃወመ,ፓርቲ,ሳልሳይ,ወያነ,ትግራይ,ሳወት,ነገ,ጀመረ,ጠቀለለ,ጉባኤ,ያደርጋልሳወት,ጉባኤ,ፕሮግራም,ያጸድቃልአመራሮቹ,መረጠ,ተብሏልሳወት,የኢፌዲሪ,ህገ,,,,,,,,,,,,,
489,ኖ,ኬንያዊ,,,,,,,,,,,,,,,,,,,,,,,,,,,,,,
490,ቀድሞ,አርበኛ,ግንቦት,የኢዜማ,አባላቶች,ደጋፊ,መላ,ኢትዮጵያዊ,ካነ,ገና,አል,ደረሰ,በአል,ጤና,ሰላም,ደስታ,ፍቅር,,,,,,,,,,,,,,,
491,ልጅ,ስልክ,ሰረቀ,አልመጣምእያለቀሰ,"""እኔ",አዘነ,እኮ,ስልክ,አደለ,ቴሌ,ሰጠኝ,ስጦታ,"ነው""",,,,,,,,,,,,,,,,,,,
492,ቀረበ,ማነጻጸሪ,ጥራዝ,ነጠቅ,ዝምብለህ,ጫካ,ከተማ,ሰላም,ገብ,በቂ,,,,,,,,,,,,,,,,,,,,,,
493,እምዬ,ጉድ,ለየ,ክትክታ,አወቀ,ትውልድ,,,,,,,,,,,,,,,,,,,,,,,,,,
494,በሀላ,ከመስጂድህ,ራስ,ከለከለ,ኢትዮጵያዊ,ሙስሊም,በሀላ,ተስፋ,አላህ,,,,,,,,,,,,,,,,,,,,,,,
495,ጎጃሜዎች,ስድብ,"""እንጭቅ""",ግን,አወቀ,,,,,,,,,,,,,,,,,,,,,,,,,,,
496,መልካ,ኢየሱስ,ክርስቶስ,ልደት,አል,,,,,,,,,,,,,,,,,,,,,,,,,,,
497,ኛ,ቆሮንቶስ,ጌታ,ኢየሱስ,ክርስቶስ,ጸጋ,እግዚአብሄር,ፍቅር,ነፈሰ,ቅዱስ,ህብረት,ከሁላችሁ,,,,,,,,,,,,,,,,,,,,
498,•,አማራ,ክልል,አዲ,መሰለ,ብር,አተመ,አማራ,አክቲቪስቶች,ደሞ,ፖለቲካ,ጠቀመ,እስላም,አለፈ,ቸገረ,ረዳ,,,,,,,,,,,,,,,,
499,ሰለማችን,ጠበቀ,ልማት,ወሳኝ,ማእከል,ሰላም,አለቃ,ኢየሱስ,ሰላም,ጠበቀ,,,,,,,,,,,,,,,,,,,,,,
500,"""አዲሱ","መንግስት""ና",ህገመንግስታዊነት,ረጅም,ገመድ,ህገመንግስታዊነት,የህገመንግስቱ,መተግበር,ልኬት,,,,,,,,,,,,,,,,,,,,,,,
501,ትግሬ,ምቀኝነት,የገማቹህ,ህዝብ,አናሳ,,,,,,,,,,,,,,,,,,,,,,,,,,,
502,ልክ,,,,,,,,,,,,,,,,,,,,,,,,,,,,,,,
