,0,1,2,3,4,5,6,7,8,9,10,11,12,13,14,15,16,17,18,19,20,21,22,23,24,25,26,27
0,ድሮ,ሸመደደ,ቀላል,ተንበለበለ,ኢህኣዴግ,ልብ,ወለድ,ድርሰት,ይሀው,ውሀ,በላቸው,በህወሀት,አንጋፋ,ካድሬዎችም,ጭምር,ረሳ,ደገመ,ዘበናይ,ካድሬዎች,አዲስ,ድርሰት,,,,,,,
1,ኦሮሞ,ልምድ,ዋናውነገር,ፍትህ,ማውረድነው,መንግስት,የትልምድ,ኦሮሞች,አስተማረ,አይደል,መለስ,መንግስት,መራ,ያውምሁሩ,አይደል,ረዳ,መራ,አልናባብም,አይቆንጆ,ትምክት,,,,,,,,
2,በረከት,በላይነህ,የእያዪ,ፈንገሥ,ትያትር,ደራሲ,ገረመ,ገጠመ,ዘመን,ምርጥ,,,,,,,,,,,,,,,,,,
3,ክቡራት,ክቡር,ሰጠ,እድል,ተመሰገነ,ደህና,አደረ,,,,,,,,,,,,,,,,,,,,,
4,አንች,ልጅ,ያንን,የዩትዩብ,ቻናልሽን,አትጭኝበትም,ተወ,ዜና,አንብቢበት,ተወ,,,,,,,,,,,,,,,,,,
5,ደገመ,ምርጫ,ርዝም,አልተራዘመ,በጋ,ተደረገ,ክረምት,እውነተኛ,እርቅ,ተደረገ,ብሄራዊ,ገባ,መጣ,ድረስ,አዙሪት,ቀጠለ,አይቀርምእሸቱ,ሆማ,ቀኖ,,,,,,,,,
6,ህወሃት,አቋም,ገለጠ,ብልጽግና,አልቀላቀልምእኔን,ጨመረ,አራት,ድርጅት,ጋራ,ተከማቸ,ሀብት,ህግ,ገባ,ጠየቀ,,,,,,,,,,,,,,
7,ሀሰተኛ,ድምጽ,ሰማ,ሚዲያወች,ሚዲያ,ሾፒንግ,እሳት,ላሰ,ተሣዳቢወች,አዘጋጅ,በየ,ቤት,ተደረሰ,ድርግ,ሰራ,ምርጫ,ተመቸ,መከረ,አለፈ,ፖርቲወች,እቅድ,,,,,,,
8,ህወሀት,ኢህአዴግ,በክህደት,ነዉ,የፈረሠዉ,የህወሀት,ጉባኤተኞች,አመሸ,አስቸኳይ,ስብሰባ,ተጠነቀቀ,ወጣ,አቋም,ገለጠ,ኢህአዴግ,በክህደት,ፈረሰ,ብልጽግና,ተባለ,ፓርቲ,ጋራ,ሰራ,አንችልምም,,,,,
9,ህወሀት,አመት,ሀገሪቿን,መራ,ግፍ,ፈጸመ,ዜጏች,ቀድሞ,ከለከለ,ራዊት,አባል,ጨመረ,ህወሀትን,ፍርድ,ቤት,ወሰደ,ፈጸመ,ኢሠብአዊ,ግፍች,ካሳ,ከፈለ,ህግ,ጠየቀ,ኖረ,,,,
10,ኧረ,አወቀ,ጠየቀ,,,,,,,,,,,,,,,,,,,,,,,,,
11,ኢትዮጵያዊ,ሁላችንንም,ኰራ,አገር,ጠላት,ወራሪ,ደፈረ,ቅኝ,ገዛ,ዛሬ,ውስጥ,ባንዳዎች,አገር,ደፈረ,አየ,ሴት,ልጅ,ወንድሙ,ደፈረ,አመመ,,,,,,,,
12,የነውጡ,ውጤት,በኣዲሠ,አበባ,ውሠጥ,ሞባይል,ቅምያ,መኪና,ዝርፍያ,ቻለ,ቻው,ሤላቪ,,,,,,,,,,,,,,,,
13,አዎ,እዲህ,ዱን,አዲ,ሩህሩህ,ዲናችን,ጠፋ,ተመኘ,የኢያ,ክርታኖች,አበረ,ኖረ,ፈለገ,አሸበሠሪዎችናገዳዮች,,,,,,,,,,,,,,
14,ጀመረ,ቤተሰብ,ቀጠለ,ማህበረሰብ,ከዛ,ከአማረኛ,ሰዋሰው,አሥተማሪየ,ማህጸን,ፍሬ,ወርቁ,,,,,,,,,,,,,,,,,
15,እርግጥ,ድምዳሜ,ከደርሠ,ሚንሥትር,ቢሮ,አይን,በኩርኩም,ድምጽ,ሰማ,ተገኘ,አመነ,ቸገረ,,,,,,,,,,,,,,,,
16,ሃያቶላም,ቀን,ቀረ,,,,,,,,,,,,,,,,,,,,,,,,,
17,ጸጋ,ተቃውሞ,ጀመረ,ኦሮሚያ,ሶስት,ፓርቲ,ጥምር,መንግስት,መራ,ይሄ,ፍቃድ,ውጪ,,,,,,,,,,,,,,,,
18,ሳቅ,ፈገግታ,እንዴ,,,,,,,,,,,,,,,,,,,,,,,,,
19,ሁልሽም,ግዜ,እናት,አስቀመጠ,ከዛ,አነሳ,አቀፈ,ቃመ,ያቺ,ቀን,እውስ,አስቀመጠ,ላሰ,እራሥህን,ቻለ,,,,,,,,,,,,,
20,ግልጽ,ጥያቄ,አያሥነሣም,,,,,,,,,,,,,,,,,,,,,,,,,
21,ገረመ,አማራ,ማረ,በኦነግ,ታግተዋል,ሴት,አማራ,ማረ,ኦሮሚያ,ደፈረ,ነዉ,ተማረ,ለሆነዉ,ደፈረ,ሞተ,ሰው,ትንፍሽ,አለመ,ታሣፍራላችዉ,,,,,,,,,
22,ድርግ,በረታ,እርስ,ትልቅ,ቅሬታ,እምነት,ተቋም,ጥቃት,ደረሰ,ሞራል,ውድቀት,አማራ,ማረ,ሢታገቱ,ሞራል,ውድቀት,ነበረ,አማራ,መረጠ,,,,,,,,,
23,ጠንካራ,ስራ,ህይወት,ተሸነፈ,ምሳሌ,ተስፋ,ቈረጠ,ማሣያየታማኝነት,መሪነት,ምልክትየመልካም,ሥብእና,ደሴት,አብይ,አህመድ,አሊ,በርታ,ተከተለ,,,,,,,,,,,
24,ልጅ,አደገ,ፈለገ,ወለደ,ገረመ,,,,,,,,,,,,,,,,,,,,,,,
25,ነፍጠኛ,አስተሳሰብ,ሥነልቦና,ጨፈለቀ,ዘረፈ,ገደለ,ቀጠለ,ሥነልቦና,ነፍጠኛ,ብሄርሃይማኖት,ግብ,ደረሰ,ቤክና,መሥጂድ,ቀጠለ,ተቃጠለ,ጨፈረ,ተበዳይ,ኰነነ,አረመኔያዊም,,,,,,,,
26,ፈራ,ድንቅ,ትምህርት,አገልጋይ,ዮናታን,አክሊል,,,,,,,,,,,,,,,,,,,,,,
27,ኢዜማ,ሀዋሳ,ህዝባዊ,ስብሰባ,ጀመረ,,,,,,,,,,,,,,,,,,,,,,,
28,ዶር,መሀሪ,ታደሰ,ወጊዮርጊሥ,በላ,ፕሮተሥታንት,ከዴንቨር,ሄደ,ጉግል,ስም,ተገኘ,,,,,,,,,,,,,,,,,
29,የኮሮና,ቫይረስ,አለም,ቀፈፈ,ጤና,ስጋት,ታወጀ,ጤና,ድርጅት,ዳይሬክተር,ዶር,ቴድሮሥ,አድሀኖም,ጄኔቫ,ሰጠ,ገለጠ,ቫይረስ,ደረጃ,የታወጀው,ቻይና,ሀገር,ሰፋ,ፍጥነት,,,,,
30,"""ኢትዮጲያ",መልሰው,ደገመ,ጃል,መሮ,ትግራይ,ላላ,ሀሳብ,መቃ,ቻለ,ትግራይ,ሄደ,ተቃወመ,ናስ,ፈለገ,ሄደ,ቻለ,አንድነት,,,,,,,,,,
31,ሰከረ,ውሻ,ታየ,,,,,,,,,,,,,,,,,,,,,,,,,
32,ህይወት,ኖረ,ድንግል,ወንድ,ንብ,ለም,ወንድ,ንብ,ድንግል,አንዴ,ሤክሥ,ድርግ,ወዲያውኑ,ጧ,ሞተ,,,,,,,,,,,,,
33,ፈጠረ,ስህተት,ይቅርታ,ጠየቀ,ተመሰገነ,ሄደ,መዘገበ,,,,,,,,,,,,,,,,,,,,,
34,አብይ,በአቧቱ,ወያኔ,ወቶ,ለፋ,እውቀት,ሚፈራ,ሰላ,ኤርሚያስ,ክርሥትያንን,አሰረ,ገለጸ,ማንነት,ገለጠ,ባረከ,ጠየቀ,እደለኛ,,,,,,,,,,,
35,ራስ,በደለ,ራስ,አለቀሠየአማራ,ክልል,ግልጽ,አቋም,አየ,ሞጣ,ክልል,ሙስሊም,ከፋ,ጭቆና,መራ,ተገኘ,ተባለ,ጠበቀ,,,,,,,,,,,
36,ይቅርታ,አወቀ,ወለጋ,ጮኸ,ታዲያ,,,,,,,,,,,,,,,,,,,,,,,
37,"""በአረብ",ሀገር,ጣልቃ,ገብነት,ተከላከለ,ግብ,"ግብ""",ጄነራል,ሠአረ,ገደለ,ገደል,,,,,,,,,,,,,,,,,
38,ጠየቀ,ሚሽኮረመም,እኮ,ሚመሥለው,ያልመጠምጠዋል,ሀሬ,,,,,,,,,,,,,,,,,,,,,,
39,እትዮጵያውነት,ሃላፍነት,ሰማ,ዜጋ,እንዲ,ኣንደበተ,ርቱእ,ያብጠረጥሩታል,ኰራ,ወንድ,አለም,,,,,,,,,,,,,,,,,
40,ኢትዮጲያ,ኦሮሞ,አባት,ከበረ,ኖረ,ግድ,,,,,,,,,,,,,,,,,,,,,,
41,ለየ,ቦታ,በአል,ገበያ,ምርት,እጥረት,ዋጋ,ውድነት,ብሶት,ጐላ,ይሠማልበድጎማ,መጣ,ዘይት,ዱቄት,እጥረት,አለህብረተሠቡ,ብዛት,ፈለገ,ድጎማ,መጣ,ዘይት,ዱቄት,,,,,,
42,ህወሀት,ብልጽግና,ፓርቲ,ህገወጥ,ህወሀት,ውሁዱ,ፓርቲ,ብልጽግና,አዲስ,መሰረተ,ህገወጥ,ጥገኛ,ፓርቲ,ገለጸ,ወዴት,ወዴት,,,,,,,,,,,,
43,አማራ,ክልል,መንግስት,ተሻለ,ገለጠ,ሰጠ,ጠበቀ,ገባ,ብአዴን,ጋቢ,ለበሰ,በር,ተቀመጠ,አባት,ተሻለ,ፖለቲካ,አመራር,ብቃት,እድር,ማህበር,,,,,,,,
44,ሰሞን,አዲሥ_አበባ,ቤት,ገዛ,ደላላ,አናገረ,ጠየቀ,ጥያቄ,ቻለ,ቀድሞ,ወይሥ,ታከለ,ካርታ,ታከለ,ካርታ,ከተማ,በቄሮ,አጠረ,ከንቲባ,ትእዛዝ,ካርታ,ሰጠ,ተደረገ,አር,ቦታ,,,
45,እንክዋን,አበረ,ደረሰ,,,,,,,,,,,,,,,,,,,,,,,,,
46,ፍርሀት,ብዙ,ሞት,እጦት,ኖረ,ገራቢ,ሞት,ገንዘብ,መዋእለ,ንዋይ,ፈቀደ,ሰቀቀ,ቀን,እርስ,መጣ,ደስታ,ተቀበለ,በሚወ,ቸው,ሰው,እጅ,ሰቀቀ,ዘገምተኛ,ሞት,ተሰቃየ,,,
47,ክልል,ግንኙነት,ረቂቅ,አዋጅ,ውይ*,ክልል,ወከለ,ተገኘ,ኢፕድ,,,,,,,,,,,,,,,,,,,
48,በአብክመ,መንገድ,ትራንሥፓርት,ቢሮ,ተባበረ,ከፊደራል,ትራንሥፓርት,ሚኒስቴር,ደረሰ,ተዘጋጀ,ጎንደር,ከተማ,ምስራቅ,ጎጃም,ዞን,ተገኘ,ምሥጉንናጠንቃቃ,ሾፊር,እውቅ,ተሥጣቸው,,,,,,,,
49,ዘንድሮ,ቺኮች,በየካፌው,ዞረ,ፒዛ,ገነጠለ,ወንድ,ማብጠልጠል,ዶሮ,ገነጠለ,አወቀ,,,,,,,,,,,,,,,,,
50,ተአምር,ነገራ,ተባለ,አወቀ,ጠሽ,ናይጄርያ,ሰፋ,ተአምር,ልቅ,አፍ,መሀል,ልዩነት,እንዳለ,አወቀ,ለመቦትረፊያ,ተቋቋመ,ጎፈንድሚ,ህክምና,ቀየረ,ዶኔት,ድርግ,,,,,,,
51,አጼ,አብይ,ተከላከለ,ሰራዊት,ኦሮሚያ,ልዩ,ፖሊስ,መረቀ,ወጣት,ኦሮሞዎችን,ወለጋ,ዘመተ,ኦሮሞ,ኦሮሞ,ገደለ,አየ,ከፋ,አውሬነት,ለም,እባብ,ወለደ,እ,,,,,,
52,በረት,ወለደ,"""ትህትና""",ደነቀ,ሁልጊዜም,አነሳ,ተናገረ,እውነት,አየነው,አለም,ውድ,ቦታ,ህንጻ,ወለደ,ክርስቶስ,ሰው,አእምሮ,ተደረሰ,ተቻለ,ትህትና,ጥግ,ገና,,,,,,
53,ኢትዮ,ቴሌኮም,በጀት,አመት,አጋማሽ,እቅድ,ሰካ,ተመለከተ,ቀን,ቈየ,ስጦታ,ደምበኛ,ቀረበ,,,,,,,,,,,,,,,
54,እዛ,ጋ,አማራ,አፈነ,አፈነ,ገደል,ጋ,ቻቻለ,ዘመን,ይሁንልን•••••••ከዛ,ሞተ,ኢትዮጵያዊ,ሥንገል,ኦሮሞ,መሪ,ተብየው,ውጥንቅጥ,ወጣ,ሀገር,አስመሳይ,ነገሰ,,,,,,,
55,በግ,ቢራ,ፍራሽ,ያዘ,አልታየ,እዛ,ሊግ,ገባ,,,,,,,,,,,,,,,,,,,,
56,ቤቲ,ቱልቱላ,ቁንጅና,ቅጥነት,ቁመት,ለካ,አያዉቅም,ቁንጅና,መሣፍርቱ,ጥሩ,ሥነምግባር,ነዉ,,,,,,,,,,,,,,,,
57,አማራ,ተባለ,ሆድ,አደር,ዲሞክራሲ,ነጻነት,ራስ,ተዳደረ,ተባለ,ሰው,ልጅ,ገባ,ሰካ,ፈጸመ,ተቻለ,,,,,,,,,,,,,
58,ፓለቲከኛዉ,የጦዘበት,እያጨሡ,ነዉ,,,,,,,,,,,,,,,,,,,,,,,,
59,አለም,ቀፈፈ,ደረጃ,ኛ,ጊዜ,ሀገር,ደገመ,ጊዜ,ከበረ,የኤች,አይ,ቪ,ኤድስ,ቀን,"""",ህብረተሰብ,ለውጥ,አቅም,"ነው""","""","""",መሪ,ቃል,እነብሴ,ሳር,ምድር,ወረዳ,ተከበረ
60,ለካ,እሱ,,,,,,,,,,,,,,,,,,,,,,,,,,
61,ልዩነት,ተቀበለ,ቻለ,ችግር,,,,,,,,,,,,,,,,,,,,,,,,
62,ዛሬ,”በክልሉ”,በእገታ,ያዘ,ማረ,ጉዳይ,አመት,ፌዴራል,መንግስት,ቸልተኝነት,ፈጠረ,ችገር,ብሄር,ትንኮሣ,አለፈ,መንግስታዊ,መዋቅር,ጠቀመ,ተካሄደ,ሽብር,,,,,,,,
63,እሥክንድርዬ,ጨረሰ,ሰአት,ድረስ,ጐን,ውነት,ሁሌም,ተሸነፈ,እያንዳንዱ,ደቂቃ,ጠፋ,ምርጫ,እድል,ተጠነቀቀ,ድረስ,ድል,ዲሞክራሲ,ድል,ባልደራሥለእውነተኛዲሞክራሢ,,,,,,,,,
64,በለው,ተቃርኖ,ጨረሰ,የተሠራቺው,ፊት,ስም,ሁላ,,,,,,,,,,,,,,,,,,,,,
65,ታዲያ,አቢይ,ጠረጴዛ,ሥር,ተንበረከከ,ወለደ,ይቅርታ,ጠየቀ,ፎቶ,ማናየ,,,,,,,,,,,,,,,,,,
66,ጠበቀ,ሀጢአት,አይሆን,ገዛ,ሀሳብ,ኖረ,ፈለቀ,ቻለ,ነቀዝ,በላ,አእምሮ,ብዙ,ጠበቀ,ከኢዜማ,ሌላውማ,ምንሊክን,ያዘ,ለቅሦ,የለው,,,,,,,,,
67,አቶ,ጌታቸው,አሰፋ,ለአለፉት,አመት,ሀገር,ውስጥ,ጠላት,ኦነግጃዋርአልሻባብ,ጠበቀ,ረገድ,ድርግ,ውጤታማ,ስራ,ምስጋና,ቀረበ,ወደደ,ሂደት,ደረሰ,,,,,,,,,
68,ውጪ,ሀገር,ባህል,ገለበጠ,ባዎቹ,"""የእኛን",ባህል,እንዳለ,ተቀበለ,ይሄን,ባህል,ተወ,ያንን,"አድርጉ""",ያዘ,ከልብ,ሳቀ,ሳተ,ፈረንጅ,እንዴ,እናት,አባት,ሳተ,,,,,
69,ቀረጸ,መጣ,ብዙ,,,,,,,,,,,,,,,,,,,,,,,,,
70,ቸር,መደሀኒአለም,ወርሀዊ,መታሰቢያ,ሰላም,ደረሰ,ደረሰ,ቸሩ,መደሀኒአለም,ክፉ,ጠበቀ,ልብ,ሻ,ፈጸመ,ሀገር,ለእምዬ,ሰላም,ፍቅር,አንድነት,አደለ,አየ,እለት,,,,,,
71,ውነት,ወጣ,ጀነራል,ሠአረ,አብይ,ቀጭን,ትእዛዝ,ገደለ,,,,,,,,,,,,,,,,,,,,
72,ባልደራስ,ምክር_ቤት,የማጠልሸት,ዘመቻ,እነማን,ፈት,,,,,,,,,,,,,,,,,,,,,,
73,አይን,ውጥእ,ዝርፊያ,,,,,,,,,,,,,,,,,,,,,,,,,
74,አይ,አንድሪያሥ,አጉል,ምሁር,አባት,ተጨማለቀ,የጻፈውራፕ,ተደረገ,,,,,,,,,,,,,,,,,,,,
75,በር,ማንኳኳት,ፈለገ,ጭራሽ,ቸገረ,,,,,,,,,,,,,,,,,,,,,,,
76,ጅብ,ቆዳ,ተሰራ,ክራር,ሁሌም,ቅኝት,በላ,በላ,የህወሃት,መሪ,ወንጀለኛ,ከለለ,ቈየ,ጊዜ,ላቀ,ፍርድ,ቀረበ,ጊዜ,ናፈቀ,,,,,,,,,
77,ጎሳ,ክልል,ተባለ,ቫይረስ,ወረሰ,ነበረ,ዱር,እንስሳነት,ደረጃ,አደገ,በበታችነት,ነቀርሳ,እራሣችሁን,ማቀቀ,ናንት,መፍዙዞች,ኧረ,ንቁ,,,,,,,,,,
78,የአላህ,መልእክተኛ,（ሠአወ）እንዲህ,አሉ,ፍራሺህ,ምምጣት,አሰበ,ለሦላትህ,ድርግ,ውዱእ,ድርግ,ቡኻሪ,ዘገበ,ህይወት,ጎዳ,እዩቴልሣት,የእለቱሀዲሥ,አፍሪካቲቪ,,,,,,,,,,
79,ደስተኛ,,,,,,,,,,,,,,,,,,,,,,,,,,,
80,ዉድ,ደንበኛ,አገልግሎት,ተጠቃሚ,ልብ,ተመሰገነ,,,,,,,,,,,,,,,,,,,,,,
81,ቤተሰብ,ታደለ,ቤተሰብ,ታደለ,ቤተሰብ,ከዛም,ዘመን,ተባለ,ብላሽ,ድራማ,አየ,ቤተሰብ,,,,,,,,,,,,,,,,
82,አማርኛ,“,ፖሊስ,ድርግ,ጠራ,ግለሰብ,መቀሌ,ከተማ,ተገኘ,አወቀ,ችለዋል”,,,,,,,,,,,,,,,,,
83,ጀግና,አዲ,ልጅ,,,,,,,,,,,,,,,,,,,,,,,,,
84,ስምምነት,ዝርዝር,አወቀ,ዘለቀ,ጥቅም,ጐዳ,ረገጠ,ድረስ,አይነት,ስምምነት,ፈረመ,እንዲታቀቡ,ጫና,ተደረገ,ስምምነት,ተቀባይነት,ኖረ,,,,,,,,,,,
85,አህያ,ወሰደ,ሞቅ,,,,,,,,,,,,,,,,,,,,,,,,,
86,ኢትዮጵያዊ,ብውግያ,ገደለ,አዘነ,ኰራ,አወቀ,መጥፎ,ተመኘ,ጤንነት,ወደብ,ፈለገ,ፍቅር,ሰማ,ሀይል,እኮ,አየ,ተገኘ,ኢትዮጵያዊ,ውሻቹን,አሰረ,,,,,,,,
87,ማሙሽዬ,አደገ,ፈለገ,ማሙሽ,ፈለገ,እእእ,ኢንፍሉኤንሸል,,,,,,,,,,,,,,,,,,,,,
88,አባት,ፈቃድ,ወረደ,ማርያም,እንግዳ,እግዚአብሄር,ንጹህ,ድንግልና,ወለደ,እንስሳ,በረት,ጨመረ,ንግስ,እጅ,ነሳ,ተቀበለ,እናት,ጡት,ምግብ,ለመነ,ህጻን,"አለቀሠ""",ቅ,ዲዮሥቆሮሥ,ደረሰ,,,
89,መድረሻ,የሚያሥብፖለቲካን,በሀሣብምክንያት,ያዘ,መራ,አድርጏ,የሚይሥተውል,ውል,አይሥትምባይመቸውም,ካልተመቸውጋር,ጊዜ,ይተባበራልሥለተሣደበ,ክፍ,ያለሥላፈረሠ,ገነባ,መሰለ,ጅል,ተገኘ,ይዘረጥጣል,መጥኔ,,,,,,,,
90,ወላይታ,ሶዶ,ኦቶና,አራ,ጨረሰ,ቀን,ጉባኤ,ምሽት,አማረ,መልክ,ተጠናቀቀ,ድንቅ,ውበት,ደስታ,ግርምታችሁን,,,,,,,,,,,,,
91,መጭውን,ገና,በአል,ተመለከተ,የእንኳን,ደረሰ,መልካም,ምኞት,ገለጠ,ፓኬጅ,ላከ,አጋር,,,,,,,,,,,,,,,,
92,ዋትሥአፕ,አዲስ,ለቀቀ,ፌሥቡክ,ሜሤንጀር,ጠቀመ,,,,,,,,,,,,,,,,,,,,,,
93,በቅድመክፍያ,ሞባይል,ካርድ,ከፈለ,ቻለ,እርስ,ደንበኛ,አገልግሎት,ሂሳብ,ከፈለ,ወዲያውኑ,ረገጠ,አጭር,ጽሁፍ,መልእክት,ደረሰ,ተመሰገነ,,,,,,,,,,,
94,ያሬድ,ዘውድነህ,ሙከራ,እድል,ግኝ*,,,,,,,,,,,,,,,,,,,,,,,
95,አይነት,ዲቃላ,ንግግር,ጠቀመ,ህልውና,ትውልድ,እጅ,ትውልድ,ዘር,ቋንቋ,ሀይማኖት,ለየ,አጭር,በኢትዮዽያ,,,,,,,,,,,,,,
96,ክቡር,ጠቀለለ,ሚኒስቴር,ሀገር,ረጋ,ኢኮኖሚ,አሉታዊ,ተጽእኖ,አደረ,ላላ,አገጭ,ማረ,,,,,,,,,,,,,,,,
97,ፕሮ,አዎን,አለም,ፍላይሊየር,ተጫወተ,አዎ,ሁል,ጊዜ,እከባከባችኋለሁ,ኦህ,ቀድሞውኑ,እክል,እውነት,አወቀ,አይ,ቅኝት,,,,,,,,,,,,
98,አመት,ቈጠረ,ግብርና,ህይወት,ተንጠለጠለ,ማረሻ,ዶማ,በሬ,ፍጥነት,አርሦያውም,አመት,ጊዜ,መራ,ከተማ,ነዋሪ,በንሮ,ውድነት,ከለበ,,,,,,,,,,
99,ትእግስት,በቀለ,ዘፈን,,,,,,,,,,,,,,,,,,,,,,,,,
100,እሣተ,ጎሞራ,ሳበ,ጸሀይ,መሰለ,ኩራዝ,እፍ,ጣፈ,,,,,,,,,,,,,,,,,,,,
101,ተናገረ,ቀላል,የምንለዉን,ኖረ,አማርኛ,ጠጣ,"አታሽከርክሩ""",ፖለቲከኛ,ጠጣ,ሢያሸከረክሩ,ገጨ,,,,,,,,,,,,,,,,,
102,መንግስት,ቃል,ተቀበለ,አቶ_ንጉሡ,ጥላሁን,ስር,እገዛ,ፍቃድ,ለቀቀ,አለባቸው,ዋሸ,ገደለ,ወንጀል,ቈጠረ,ዜጋ,ውሸት,አጀንዳ,ቀለደ,ቆመ,የታገቱ,ተ,,,,,,,
103,አብርሀ,ሞተ,አልበም,ሰራ,አወቀ,እኮ,,,,,,,,,,,,,,,,,,,,,,
104,በዙ,ምስግ,ትግራዋይ,ምስክር,ፈለገ,,,,,,,,,,,,,,,,,,,,,,,
105,ሀገር,በቀል,እውቀት,ተመራማሪ,ዶር,ይርጋ,ገላ,"""","""",ተሰኘ,ሀሳብ,ውይይት,ድርግ,እነሆ,,,,,,,,,,,,,,
106,ዝም,ጾም,ፈታ,ፍትፍት,ፍትወት,ውርእ,,,,,,,,,,,,,,,,,,,,,,
107,ተስፍ,ተቀበለ,አባ,ትርጉም,አገልግሎት,ሰጠ,መስመር,,,,,,,,,,,,,,,,,,,,,
108,ፓርቲ,ህጋዊ,ፍቃድ,ዜጋ,አባል,መዘገበ,ከህገ,መንግስት,ፍንግጥ,ፓርቲ,ከሰሰ,,,,,,,,,,,,,,,,,
109,መስተፋቅር,ዋጋ,ገባ,አወቀ,,,,,,,,,,,,,,,,,,,,,,,,
110,ልደት,ሰሞን,ሰማ,ዜማ,አማረ,መዝሙር,"""እንደ",ዮሴፍ,ሰሎሜ,ኢየሩሳሌም,ኢየሩሳሌም,ኢየሩሳሌም,አምላክ,ወለደ,"ባየን""",,,,,,,,,,,,,
111,"""ፊንፊኔ",ኦሮሞ,አዳማ,አምቦ,አየ,ልዩ,ጥቅም,ተባለ,ፍጹም,"አንቀበለውም""",ኦቦ,ዳውድ,ኢብሳ,,,,,,,,,,,,,,,
112,መንግስት,ተቀዳሚ,ተግባር,ዜጋ,ደህንነት,ረገጠ,ነዉ,በእገታ,ማረ,አስቸኳይ,ፈታ,,,,,,,,,,,,,,,,,
113,ዘበተ,“ኢየሡሥ,መጠጠ,ቃል,ቀድሞ,አባት,ዘመን,ፊት,አለም,ፈጠረ,”,ጴጥሮስ,,,,,,,,,,,,,,,,
114,ማ,መገርሳ,ትናንት,ስራ,ሀገር,ሄደ,ኤርፖርት,ለመደ,መስመር,ገባ,ሞከረ,ከለከለ,ተራ,ሰፈረ,ተራ,ያዘ,ሰፈረ,ድርግ,ወረደ,,,,,,,,,
115,አልበም,ደረጃ,አወቀ,አቦነሽ,ስራ,ከዛም,ባላገር,ጉራጌ,ደሳለኝ,ስራ,እነኚህ,ደሞ,ዋጠ,ስራ,,,,,,,,,,,,,,
116,ቀላል,,,,,,,,,,,,,,,,,,,,,,,,,,,
117,ተወ,በላ,ይሄን,ሠውእኔ,ኦሮሞ,የዋህ,ነውህውሀት,አመት,ገዛ,አይነት,ቃል,ተናገረ,ቃመ,ተግባር,ሀሳብ,ነበርእነዚህ,ገና,ስልጣን,ያዘ,ይቀደዳሉሁሉም,ተጠንቀቀቸው,,,,,,,
118,ተጨነቀ,እኮ,ልሙጥ,ሽሮ,ወደደ,ቦዘ,አላረጉት,,,,,,,,,,,,,,,,,,,,,
119,ራስ,መንግስት,ጠራ,አራት,ኪሎ,የወጀለኞችና,ዘረኛ,ስብስብ,ስልጣን,እድሜ,ሊገባደድ,ጥቂት,ወራቶች,ቀረ,ህገወጥ,ቡድን,በፍቃደኝነት,ስልጣን,ለቀቀ,ደንብ,ገመተ,ተቻለ,ፖለቲካ,,,,,
120,መሀል,ሀገር,ትግራይ,ፍቅር,ልዩ,ውነት,ቀን,ኑሮ,ሰላም,ቀውስ,ገጠመ,ትግራይ,ጣመ,ለውጥ,ጣመ,አፈነ,ቀረ,የሚያንገበግበው,ቀና,ፍቅር,,,,,,,,
121,አብሽር,ትንሽ,ለመፎገርናፎ,ላላ,ጨዋታ,,,,,,,,,,,,,,,,,,,,,,,
122,ከሞጣው,ሽብር,ተግባር,በሀላ,ክልል,ሄደ,እርሞጃዎች,ጥፋት,ፈጸመ,ይፋ,አወገዘ,ተግባር,"""ትንሽ","ነገር""",ጠቀሰ,ሽብርተኛ,ከለላ,በሥተመጨረሻም,በደለ,ከተማ,ሙስሊም,አሰረ,,,,,,
123,ተሰራ,ታሪክ,ኰራ,ደገመ,ሰራ,ወደደ,ሰው,እስልምና,ተቀበለ,ንጉስ,ኰራ,ዘምን,አዲስ,እመነት,መጣ,ደነገጠ,እምነት,ቀየረ,ገረመ,ለምነድን,,,,,,,,
124,ሰአት,ፌሥቡክ,ገባ,አመለጠ,ሰሞን,ቀጠለ,ነበረ,አውስትራልያ,ጥቅጥቅ,ደን,ዝናብ,ዘነበ,ጀመረ,ሰማ,አዲስ,ረባ,,,,,,,,,,,,
125,ሙስና,ገለጠ,ናቸውገበሬው,አነስተኛ,ገንዘብ,መሬት,ለቀቀ,ህይወት,ተጎሣቅሎዋልሁለቱን,መጠነ,መንገሥት,ሀገር,ጠቀመ,ጉዳይ,የሚጠቅመበት,መሬት,ኖረ,,,,,,,,,,,
126,"""የጥንት",ግሪኮች,ጥንት,ላቲን,ጥንታዊት,ጻፈ,ያህ,ግሪኮች,ባእድ,ቋንቋ,ባእድ,ሀገር,ጻፈ,ቀረ,ራስ,ቋንቋ,ጻፈ,ድግት,ልክ,"እንደኛ""",አባ,ተስፋስላሴ,ሞገስ,ዶር,,,,
127,"""ጸረ","ፌዴራሊሥት""","""አሀዳዊ""",ተራ,ትርጉም,የህወሀት,ፕሮፖጋንዳን,ነፈሰ,ምሁር,ተባለ,እኩል,ቈጠረ,ረገጠ,ገዛ,ተጋዘ,ፍትህ,ቆመ,ያሥችላልህወሀት,ኦሮሞ,እስር,ቤት,ታሪክ,ተናገረ,,,,,
128,ሠዉየ,ዘረጋ,ጫማዉን,ጠረገ,ሰው,አይነት,ህሊና,ቢሥነት,ነዉሚሊየን,ብር,ቢሠጣቸዉ,ፊታቸዉ,የሚነበበዉ,ስሜት,ልብ,ሰበረ,,,,,,,,,,,,
129,የታገቱ,አማራ,ዩኒቨርስቲ,ማረ,ተመለከተ,ጥር,ዘገበ,ተመሰገነ,,,,,,,,,,,,,,,,,,,,
130,እሱ,አየለ,ጫሚሦ,ድንገት,ፖለቲካ,እራሣቸውን,ግኝ*,ከባድ,ሚዛን,ኮሜዲያኖች,,,,,,,,,,,,,,,,,,
131,አለፈ,ጠየቀ,መስፈርት,ቦታ,ብቁነት,ረገጠ,ብይ,ጠማ,በጎ,ፈቃድ,,,,,,,,,,,,,,,,,,
132,ደደብ,መሪ,ባእድ,ሀገር,ቋንቋ,ግድ,ቀኝ,ተገዘተ,ቋንቋ,ባሪያ,አወቀ,ገረመ,ቅኝ,ተገዘተ,አወቀ,,,,,,,,,,,,,
133,መንግስታዊ,አጭበርባሪነት,ወገን,ፖለቲካዊ,ጨዋታ,ቆመ,ህይወት,መለሰ,ጠየቀ,አቶ_ንጉሡ,ጥላሁን,እንደወትሮው,አማራ,እቃ,ተጫወተ,ድርግ,ቀጠለ,,,,,,,,,,,
134,ድረስ,ረገጠ,ለም,"""",አማርኛ,ለቀቀ,ለቀቀ,አወቀ,የታጋች,"ቤተሠቦች""",,,,,,,,,,,,,,,,,,
135,ሰብአዊ,መብት,ኮሚሽን,ኮሚሽነር,ዶክተር,ዳንኤል,በቀለ,በዶምቢዶሎ,ሥለታገቱ,ማረ,ግልጽ,ማብራሪያ,ሰጠ,ጠየቀ,,,,,,,,,,,,,,
136,አዋሽ,ባንክ,የባለአክሢዮኖች,ኛ,ደበነ,ኛ,ድንገተኛ,ጠቅላላ,ጉባኤ,ህዳር,አመመ,በሂልተን,አዲሥ_አበባ,ሆቴል,ተካሄዷል,,,,,,,,,,,,,
137,ጨለማ,ጨረቃ,ሌሊት,ዳንስ,ልጅ,ጨለማ,ጌታ,ጥልቅ,ተመለከተ,እውስ,እርስ,ግኝ*,ስቃይ,ተሰቃየ,,,,,,,,,,,,,,
138,ጥፍህ,አከለ,ሠይፍሻ,ምርጥ,,,,,,,,,,,,,,,,,,,,,,,,
139,የምረጡኝ,ቅሥቅሣ,ጀመረ,ቻለ,ሰጠ,በቂ,ቅስቀሳ,ጀመረ,አሉ,ተባለ,ውይይት,ንግግር,ማደረግ,ይቻላልእኔን,መረጠ,ዘመቻ,ጀመረ,ተቻለ,ምርጫ,,,,,,,,,
140,ችግር,አነሳ,ተሻለ,ምሳሌ,ዛሬ,ሙስሊም,ትርት,መራ,ከለከለ,መሰረተ,ልማት,ደረሰ,ተደረገ,ፖለቲካ,ተሳተፈ,ተገልለዋል,ወዘተረፈ,,,,,,,,,,,
141,ጩኸት,ገነፈለ,ወንጀል,ጩኸት,መላ,ፍጡር,ጩኸት,ፍትህ,ኖረ,ህግ,ክልል,ደረጃ,ይፋ,ጣሰ,ተቃወመ,ደረሰ,ማንነት,ገደለ,ሁላችንም,ልብ,ሀዘን,ቅሬታ,ንዴት,ገራ,,,,
142,ሞጣ,ደረሰ,ጉዳት,ሙስሊም,ክርስቲያን,አየለ,አማራ,የበኩሉን,ወጣ,አማራ,ክልል,እስልምና,ጉዳይ,ምክር_ቤት,ሰበሰበ,ሸህ,ሰይድ,እንድሪስ,አማራ,ቲቪ,ቀረበ,ተናገረ,,,,,,
143,ሁልጊዜ,አሰበ,ብርሀኑ,ኢዜማን,ጠላ,ፉክክር,ምርጫ,ተሸነፈ,ስልጣን,ቈጠረ,አስቻለ,እኮ,መሰለ,እውነተኛ,ጀመረ,አማራጭ,ልዩነት,ጠበበ,አበረ,ሰራ,ሞከረ,,,,,,,
144,ከፍተኛ,ሊግ,ተሥተካካይ,ጨዋታ,ውጤት,አዲሥ_አበባ,ከተማ,ከለከለ,,,,,,,,,,,,,,,,,,,,
145,ብሄራዊ,ምርጫ,ቦርድ,አመራር,ዛሬ,ሰጠ,ምላሽ,የምረጡኝ,ቅስቀሳ,ጀመረ,አይቻልምያንን,ድርግ,ፓርቲ,ቦርድ,ጠራ,አመመ,ተወዳጀ,,,,,,,,,,,
146,ዘመን,አሰረ,አምላክ,ቀለደ,ገደለ,እዚ,ቻለ,መድረክ,አጊኝቶ,,,,,,,,,,,,,,,,,,,
147,አፋር,ወንድም,እህት,ዛሬ,ዘመናዊ,መንደር,ግንባታ,መሀል,አዲሥ_አበባ,ጎተራ,ከበበ,አሥጀመረናል,,,,,,,,,,,,,,,,
148,አራዳ,ልጅ,,,,,,,,,,,,,,,,,,,,,,,,,,
149,ምንጭ,ጠቀመ,ምድር,እድልኛው,አዳም,ይባላልአንድ,ተናገረ,እሱ,ፊት,እርግጠኛ,ጥቅስ,አነበበ,አዲ,አድማ,ጋዜጣ,ዛር,አመት,ከበበ,,,,,,,,,,
150,ጥሩ,ቢራ,ማስታወቂያ,አየ,አመለጠ,,,,,,,,,,,,,,,,,,,,,,,
151,ታክሲ,አበደ,እንዴ,ኸረ,ኡኡኡኡኡ,,,,,,,,,,,,,,,,,,,,,,,
152,ላሊበላ,እንግዳ,አቀባበል,ቱሪስት,ተደረገ,ክርስቶስ,ዝቅ,ከፍታ,አስተማረ,,,,,,,,,,,,,,,,,,,
153,ሃ,እምር,ቡና,ጃጀ,ሽማግሌ,መራ,እትም,አይደርሥምቶሎ,ጡረታ,,,,,,,,,,,,,,,,,,,
154,ወንድም,ስድብ,ድክመት,ገለጠ,ወረደ,በበኩሌ,የኢዜማ,ሰው,አብይ,ድርግ,እሱ,አለፈ,ዋጋ,ለመነ,ኢዜማን,ደገፈ,ሀሳብ,ፖሥት,ድርግ,ፎቶ,ተሻለ,ምክንያት,ፈለገ,,,,,
155,ግእዝ,ቋንቋ,ማረ,ሰፊ,እድል,,,,,,,,,,,,,,,,,,,,,,,
156,መላ,የኢትዮጲያ,ለእየሡሥ,ክርስቶስ,ልደት,ሰላም,ደረሰ,,,,,,,,,,,,,,,,,,,,,
157,በክትክታ,ዱላ,መታ,ጥይት,ተሻለ,,,,,,,,,,,,,,,,,,,,,,,
158,¿¿¿¿¿¿¿¿¿,አይ,ውነት,ተመለከ,ሀይማኖት,አምላክ,አወቀ,,,,,,,,,,,,,,,,,,,,,
159,እረ,ወሎ,ቆንጆ,ፈለቀ,እንደሆን,አታቂም,እንዴ,,,,,,,,,,,,,,,,,,,,,
160,ጥሩ,ነዉ,መልእክት,ላከ,ምናለ,ብዙ,ረዳ,ቋንቋ,ላከ,,,,,,,,,,,,,,,,,,,
161,ቋጥኝ,ደረሰ,ከዛ,ወዴት,አጠፈ,,,,,,,,,,,,,,,,,,,,,,,
162,መልእክት,ሚስት,ከለከለ,,,,,,,,,,,,,,,,,,,,,,,,,
163,ልብ,አመት,ህጻን,እጅ,አዘዘ,ለቀቀ,ጠየቀ,ብር,ድሀ,ቤተሰብ,ከፈለ,ቻለ,አወቀ,ገንዘብ,ሰው,ህይወት,አስቀመጠ,ዘረፈ,ፖለቲካ,ድርጅት,ፍትህ,ፍትህ,,,,,,
164,ይሄ,ምስኪን,የዋህ,አማኝ,እኮ,አዘነ,ፖለቲከኛ,አያቁትም,,,,,,,,,,,,,,,,,,,,
165,"""በባርነት",ወለደ,ነጻነት,ኖረ,"አይቀርም""",ተገኘ,አብ,ጸቤት,ሀላፊ,አቶ,በለጠ,ካሳ,ልጅ,ምኒልክ,በለጠ,ጻፈ,ደብዳቤ,,,,,,,,,,,
166,ትግራይ,ትግሬ,ብሄር,ተባባሪ,ዜና,ወጣ,አረር,ተመለከተ,,,,,,,,,,,,,,,,,,,,
167,ከሆሊፊልድ,ብዙ,የተሸወዱበት,የመናፍቃን,ነብዮች,ፈውስ,ትሪክ,,,,,,,,,,,,,,,,,,,,,
168,ሰለጠነ,ዘላለም,ሽፈራው,ቡድን,አረመ,ዳኛነቱን,ድርግ,ጅማ,አባ,ቡና,ብሄራዊ,ሊግ,ቡድን,,,,,,,,,,,,,,,
169,ትግራይ,ተገኘ,ፓርቲ,ኦሮሚያ,ማረ,ጋዲሳ,ሆገንሣ,ትግራይ,ተቋቋመ,ሲዳማ,ሦማሌ,ክልል,ተገኘ,ፓርቲ,እርምጃ,ወደደ,መልካም,,,,,,,,,,,
170,ኣገሪትዋም,በንደዚህ,አይነት,መራ,ያኽል,በሬ,ህጻን,መራ,ሰጠ,ተገቢ,ወላጅ,ነኻቸው,,,,,,,,,,,,,,,,
171,“የጋዜጠኝነት,ሞያ,ሰብአዊ,መብት,ትግል,ፖለቲካ,ስራ,ተዳበለ,መተግበር,ቻለ,ወይ”,ጥያቄ,ዙሪያ,ተደረገ,ውይይት,,,,,,,,,,,,,
172,ገና,ፍቅር,በለጠ,ሰጠ,,,,,,,,,,,,,,,,,,,,,,,,
173,በኢትዮኤርትራ,ጦርነት,እነ,ተሣቲፋለው,እዛን,ጊዜ,ሞተ,ኢትዮጵያዊ,ብአሥር,እጥፍ,ወገን,ሞተ,በለጠ,እዛ,ተሸነፈ,ቦታ,ያሻቹ,ቅጠል,ረገፈ,ወጣት,,,,,,,,
174,እነ,ሄኖክ,ደነቀ,ተቻለ,ማበረታታት,ጀመረ,አሪፍ,መሰለ,አወቀ,ጠበቀ,,,,,,,,,,,,,,,,,,
175,በካታር,ነበረ,ግዜ,ተጠናቀቀ,እናት,ሀገሬ,ሰላም,ናደ,መለስ,አማኑኤል,መልካም,ፍቃድ,,,,,,,,,,,,,,,,
176,ቀጠለ,ፈረደ,ገባ,,,,,,,,,,,,,,,,,,,,,,,,,
177,የህወሃት,አክቲቪሥቶች,ጠገበ,ሰደበ,የእሥክድርን,ሙያዊ,ብቃት,ደነቀ,ፈራ,መንጋ,እረኛ,ማእረግ,ማረ,ከባድ,ባርያ,ገዛ,ሀገር,አመሰ,,,,,,,,,,
178,በሬ,ከፋ,በደሌ,ነገረ,የጉንጩን,ሳር,ተፋ,,,,,,,,,,,,,,,,,,,,,
179,ቀ,መሰለ,ጠየቀተማሪዎችም,ወንበር,ትነሥተው,እጅ,ወገብ,እድርገው,ቀ,ፊደል,አሣዩበ,,,,,,,,,,,,,,,,,
180,መላ,ክርስቲያን,ገና,ብልጽግና,,,,,,,,,,,,,,,,,,,,,,,,
181,አማራ,ውጪ,ልክ,,,,,,,,,,,,,,,,,,,,,,,,,
182,ፕሪሚየር,ሊግ,መወገዝ,ሰራ,አሰልጣኝ,ክለብ,ፈታ,ልፊያ,ሰለጠነ,ሬዲዮ,ቀረበ,"""መባረሬን",ሚዲያ,"የሠማሁት""",ይሄ,አሳፋሪ,,,,,,,,,,,,
183,አሪፍና,ጨዋታ,ወቃ,ልጅ,ሞት,ክፉ,,,,,,,,,,,,,,,,,,,,,,
184,አፋር,ወሎ,ክልል,ፈለግ,ኖረ,መብት,ኮምቦልቻ,አፋር,ተዋከበ,እንዳለ,ሰማ,ድርጊት,ፈጸመ,አብኖችግለሠቦች,ስርአት,ያዘ,,,,,,,,,,,,
185,መልካም,ልደት,ኢሳያስ,,,,,,,,,,,,,,,,,,,,,,,,,
186,እስራኤል,ዳነ,በማጭበርበር,ወንጀል,ተጠረጠረ,ፍርድ,ቤት,ቀረበ,ሀገር,ለየ,ከበበ,ተዘዋወረ,የፕሮቴሥታንት,እምነት,ሰበከ,ሰው,ለየ,መንገድ,ፈወሰ,እስራኤል,ዳነ,በማጭበርበር,ተዛመደ,,,,,
187,በአንዳድንድ,ሀሳብ,ተስማማ,እሥክንድር_ነጋ,አብይ,አህመድ,ተደረገ,ጫናናየመብት,ጥሠት,መጠን,አለፈ,ግማሽ,ነብሥ,ገደለ,እያሥገደለየሚጨፍርባት,ሀገር,ራስ,ሀሳብ,ያዘ,ሥለሞጎተ,ኮሥሜዳ,ገባ,ከለከለ,,,,,
188,♡❧❦❥☙,ጥላቻ,በመፈብረክ,ጊዜ,ያሚያባክኑ,ሰው,ጥሩ,ዋለ,ችግር,ྉ♡❧❦❥☙,,,,,,,,,,,,,,,,,,
189,እቃ,ከሌለክ,ለማጠልሸት,ቈፈረ,ዋለ,ጥላቻ,ጀመረ,አሪፍ,ልክ,አለፈ,ሽታ,እንዳይሆንብክ,,,,,,,,,,,,,,,,
190,ሀሰት,ተስፋ,አጥፊ,ብጹአን,ውነተኛ,መሢሆች,አመነ,ርኩስ,,,,,,,,,,,,,,,,,,,,
191,እስክንድር,ባለደራሥ,ራስ,"""ዘላለማዊት","ፓርቲ""",ቀየረ,ደብተራ,,,,,,,,,,,,,,,,,,,,,
192,ወይን,ወገን,እረ,ተሻለ,አነሰ,ደገመ,መኪና,አደጋ,በዛ,እግዚአብሄር,አረቀ,,,,,,,,,,,,,,,,,
193,ዳር,ቆመ,አየ,ጊዜ,ዳር,ቆመ,አየ,መብት,ተሰለፈ,ሰጠ,የኢዜማ,መሪ,ብርሀኑ,ነጋ,ፕሮፌሰር,,,,,,,,,,,,,
194,ከባድ,ሴራ,ደግሞኮ,ቍጥር,ሞከረ,ተቃራኒ,ቡድን,እንዴ,,,,,,,,,,,,,,,,,,,,
195,አማራ,ማረ,ደም,ጨዋታ,ሳምንት,ፊት,አማራ,ማረ,ታግተዋል,አብይ,ታማኝ,ባሪያ,አቶ,ተመስገን,ተማረ,አሉ,ዛሬ,ኦሮሚያ,መንግስት,የሣከትምህርት,ሚር,አወቀ,አሉ,ዛሬ,ገንገበት,ንጉስ,ለቀቀ,ቀረረ
196,ጀግና,እህት,ዘይት,ለዶር,አብይ,ተላለፈ,መልእክት,,,,,,,,,,,,,,,,,,,,,
197,ደሀ,ደንታ,ቢስ,እድገት,ቀጠለ,ቻለ,ተመለከተ,መንግስት,ሀላፊ,መብት,ጥሠት,አፋጣኝ,እርምጃ,ወሰደ,አሰበ,ተገቢ,,,,,,,,,,,,
198,ለኢቢሢ,የኔትዩብ,እባካችሁ,ዜና,ኮፒ,ድርግ,ክሬዲት,ሥጡምንጭ,ጠቀሰ,ድርግ,በጋዜጠኝነት,ሙያ,ነውር,መረጃ,የፌሥቡክ,,,,,,,,,,,,,
199,ውነት,ተናገረ,እስር,ወጣ,ተረከበ,ነበረ,አደራ,የሣይኮሎጅሥት,ምክር,ነበረ,ክርር,በሆንም,ፖለቲካ,ስል,መሰለ,ሞጣ,ግልጽ,ጥቃት,ሸፈነ,መከራ,አየ,,,,,,,
200,ቅድሚያ,ዲሞክራሲ,ሚዲያ,ፍትህ,እኩል,ተጠቃሚነት,ረገጠ,የበኩላችንን,ሚና,ወጣ,ህብረተሰብ,ችግር,ጐላ,ነቀፈ,,,,,,,,,,,,,,
201,ቪድዮው,ኮኔክሽን,እምቢ,አላየሁትምፎቶው,ጀመረ,ፖሥት,አረገ,ፍሬንዴ,ውነት,ጠየቀ,ልክ,ፖሥት,ኣርጊዎለሁፎቶው,ኤክሥፐርቶቹ,ኣንድ,ተሻለ,,,,,,,,,,,,
202,ረዳት,ሂሳብ,ሰበሰበ,ሰጠ,ሄደ,ሰበሰበ,አበረ,ሄደ,,,,,,,,,,,,,,,,,,,,
203,ኢቢሢ,ብርሀን,ባንክ,ፈጠረ,ተባለ,ስምምነት,መንግስት,አማ,ባንክ,ጤናማ,ውድድር,በላ,እንግዳ,ስምምነት,,,,,,,,,,,,,,
204,ዉሻ,ወንዳገረድ,ገታ,እሺ,ብይ,ሰማ,ከታገቱት,ዱ,ለቀቀ,ጎዴፈላ,ደነገጥኩቀጠለና,አቶ_ንጉሡ,ለቀቀ,ታጋቾች,ቀረረ,አለመ,–,,,,,,,,,,,
205,ከዝብ,ማር,ጠበቀ,ተባለ,ከእንደዚህ,አይነት,ላህጫም,ጥሩ,ንግግር,ጠበቀ,ማረ,ከብት,ሳበ,ፈጠረ,ጠበቀ,አሜን,,,,,,,,,,,,
206,መዥገር,መልክ,አማራ,ፖለቲካ,ለቀቀ,ተቻለ,በጽሞና,ሰራ,የካበተ,ሴራ,ፖለቲካ,ገና,ብዙ,ዋጋ,ከፈለ,,,,,,,,,,,,,
207,ጂንዩን,ጥያቄ,ነካ,ጓሮ,ዞረዉ,ጉዳይ,ጅቡቲ,ደረሰ,ፈላ,ነውረኛ,ወጠጤ,ታገሰ,መፍትሄዉ,ብድር,ሸጋ,ዘመድ,ገለጠ,እኮ,,,,,,,,,,
208,እቃ,ኮፒ,የሠገጤ,ትርጉም,ይግባክ,ጀመረ,መጠሪያክን,ስድብ,ጠቀመ,ሠገጤ,ዥልጥ,,,,,,,,,,,,,,,,,
209,ሺንዞ,አብ,መካከለኛ,ምስራቅ,ድርግ,አሰበ,ጉብኝት,መንግስት,ይሁንታ,ግኝ*,ገለጸ,,,,,,,,,,,,,,,,,
210,ሠቆ,ኤር,ዝም,እግዚአብሄር,ዳነ,ተስፋ,ድርግ,መልካም,,,,,,,,,,,,,,,,,,,,
211,ጐዳ,ሀዘን,ማነው,ሁልጊዜ,ወጋ,ሁል,ጊዜ,ጕርምርም,ማነው,አላሥፈላጊ,ቁስል,ማነው,ደም,ፈሳ,አይን,ማነው,ምሳሌ,,,,,,,,,,,
212,በታገቱት,ማረ,ጉዳይ,ጠቀለለ,ሚኒስቴር,ጽህፈት,ቤት,ዛሬ,መሸ,ሰአት,ገለጠ,ሰጠ,ሳይንስ,ከፍተኛ,ትምህርት,ሚኒስቴር,ሚንሥትር,ዲኤታ,ሳሙኤል,ክፍል,ዶር,አዲ,ማለዳ,ተናገረ,,,,
213,ችን,አደገ,ደሥ,ሁሌ,ሀገሬ,ጥሩ,ሰማ,ደሥ,መታ,ልኬት,ክፍተት,አወቀ,እድገት,ምንጭ,ገለጸ,ምሳሌ,ብድር,ያገኘንዉ,ምጣኔ,ልክ,ገለጸ,ፖለቲሣይዝ,ተደረገ,,,,,
214,እያደር,ጉድይሠማል,አብይ,የቄሮንትግል,ውጤትሢጥለፍ,ለኖቤል,ሰላም,ሽልማት,በቃ,ብልጽግና,ሸውዶ,ኦሮሞ,ተባለ,አወቀ,አሜሪካ,ፕሬዘዳንት,ከቄሮጋር,ታገለ,ሽልማት,ገባ,ነውድሮሥራሡን,ከበረ,ይኼውነው,,,,,
215,ሰላም,ፍቅር,,,,,,,,,,,,,,,,,,,,,,,,,,
216,አጠቃላይ,ግማሽ,ቢሊዮን,ብር,ገመተ,ባእድ,ቀላቀለ,ገመተ,ቅቤ,ማር,ምርት,ተጠረጠረ,ያዘ,ምግብ,መድሀኒት,ቁጥጥር,ባለስልጣን,አወቀ,,,,,,,,,,
217,ስራ,ከንቱ,እንዳሆን,እኮ,,,,,,,,,,,,,,,,,,,,,,,,
218,አመት,ከቤትሠብ,ደስታ,ፍቅር,ተከበረ,ቀን,ለየ,ምክንያት,ቤተሰብ,ከበረ,ቻለ,ወዳጆቾን,ረሳ,,,,,,,,,,,,,,,
219,እሥክንድር_ነጋ,አስራት,ቲቪ,ድርግ,ቃለመጠይቅ,ድምጥ,ብኋላ,ረዳ,ኖረ,ሰአት,እስክንድር,ፈለገ,ምርጫ,ህክምና,,,,,,,,,,,,,,
220,የማህጽን,ፍሬ,ይሄ,ትርጉም,የተሠጠውይደብቁናል,እኮ,,,,,,,,,,,,,,,,,,,,,,
221,ሰው,ልጅ,መልካም,ተመኘ,ተስፋ,ቈረጠ,ተስፋ,ቀጠለ,አቅጣጫ,ጠፍ,ትክክለኛ,አቅጣጫ,አየ,ደከመ,ብርታት,ሰጠ,እውቀት,እውቀት,ተካፈለ,ሀገር,መራ,ምሁራንአባቶችና,እናት,ሰላም,በዛ,,,
222,"""ሃብትና","ንብረት""ነው",ትግል,በሀላ,አሰበ,እነ,አሞራውእነ,ሀየሎም,እውነተኛ,የህወሃት,ልጅ,ሞተ,ዛሬ,ጋረ,ልጅ,ትግል,መና,ቀረ,የዛሬዋቹን,ህወሃቶች,በቀለ,ቀን,ሩቅ,,,,,
223,ህወሀት,ብልጽግና,ፓርቲ,አላማ,መስመር,ልዩነት,ምክንያት,ተወሀደ,አወቀ,አስቸኳይ,ድርጅታዊ,ጉባኤ,ጉባኤ,ነጥብ,አቋም,ገለጠ,ወጣ,ተጠናቀቀ,,,,,,,,,,
224,ሀገር,ወግ,ነገረ,ሀገር,አዲስ,ለም,አዲስ,ታጨ,ሺ,ገዳይ,ሹመት,ሞተ,መቃብር,ቀረበ,አረደ,ምርጫ,ተደራጀ,እስር,,,,,,,,,,
225,ገረመ,ሀሳብ,ነፍጠኛ,ዉጪ,እሚደግፈዉ,ሥለለ,እጅ,ጠመዘዘ,ሳበ,መዘዝ,ብዙ,ነዉ,ፈጣን,እርምጃ,ፈለገ,,,,,,,,,,,,,
226,ለኢቢሢ,የኔትዩብ,እባካችሁ,ዜና,ኮፒ,ድርግ,ክሬዲት,ሥጡምንጭ,ጠቀሰ,ድርግ,በጋዜጠኝነት,ሙያ,ነውር,መረጃ,የፌሥቡክ,ቴሌግራም,ቻናል,ኮፒ,ተደረገ,,,,,,,,,
227,ሞጣ,ሙስሊም,ፈጸመ,ግፍ,ቦታ,ደገመ,ሀላፊነት,ነውትላንት,ሰማ,አለነ,ተቃራኒ,በተለይ,ላሊበላ,,,,,,,,,,,,,,,
228,እሥክንድር_ነጋ,ቄሮን,በአሸባሪነት,ከሰሰ,ላላ,ዛሬ,ትዊት,ድርግ,ጥሩ,"""",ጎረቤት,ራስ,ወደደ,"""",,,,,,,,,,,,,,
229,ብልጽግና,ኢዜማ,አረና,,,,,,,,,,,,,,,,,,,,,,,,,
230,ሰው,ልጅ,መልክ,ቀለም,በቃንቃን,መሰለ,ፈገግታ,ደስታ,ተሰራጨ,ከመካከልችን,የውጡ,ሰው,መልክ,አውሬ,አወቀ,ህጻን,በአሠቃ,ገደለ,,,,,,,,,,
231,ጃዋር,ንሠሀ,ገባ,ሥላማዊ,ትግል,ጀመረ,ጀምሬአለሁ,,,,,,,,,,,,,,,,,,,,,
232,ተቃወመ,ዘረኛ,እስክንድር,አራ,ማለደ,,,,,,,,,,,,,,,,,,,,,,,
233,ቀን,ገዛ,ደቂቃ,ደም,ተፍሥሦ,ወሰደ,ደም,የአትክልቶችዎን,አፈር,ፈሰሰ,ቤት,ያጥለቀልቀዋል,ተቃወመ,ንጹሀን,አማኝ,ደም,ነቃ,ሞት,መጠጠ,ሌላኛው,ህይወት,አለፈ,,,,,,
234,ሪፖርት,ሲዳማ,ቡና,ተከታተለ,ሽንፈት,ድል,መለሰ,,,,,,,,,,,,,,,,,,,,,
235,ደግ,ድርግ,ይሄ,ጓያ,,,,,,,,,,,,,,,,,,,,,,,,
236,ትውሥታዎቼ,መራር,ፕሮፌሰር,በየነ,ጴጥሮስ,,,,,,,,,,,,,,,,,,,,,,,
237,ተፈጥሮ,ሀብት,ብልጽግና,መሪ,ቃል,ዘንድሮ,ተፋሰስ,ልማት,እንቅስቃሴ,ይፋ,ተደረገ,,,,,,,,,,,,,,,,,
238,እንዴዴዴዴዴ,ችግር,,,,,,,,,,,,,,,,,,,,,,,,,,
239,ይቺ,ሀገር,አመት,ጠጣ,የንጽሗን,ደም,በቃ,እንሠሦቹን,ገና,ማሩዋው,,,,,,,,,,,,,,,,,,
240,ተጋዘ,በርበሬ,ሚጥሚጣ,ተዘጋጀ,እነ,ቁርጥ,ክትፎ,ጥብስ,ጎረድጎረድ,እነ,ቅቅል,እነ,ወጥ,ዶሮ,ስጋ,,,,,,,,,,,,,
241,ቁምነገር,መለሰ,ድጎማ,ተደረገ,ሰራ,ቤት,ክበብ,ወሰነ,ሰአት,ሰራ,ምግብ,ዋጋ,ደህና,አብዛኛ,ዜጋ,ኪስ,ያማከለ,መንግስት,ድጎማ,ድርግ,ምግብ,ቤት,ፈለገ,,,,,
242,ተመሰገነ,አህሜክሥ,,,,,,,,,,,,,,,,,,,,,,,,,,
243,እሥቲ,ዩ,ፕሬይ,ፎር,ቦዝ,ኦፍ,አሥ,,,,,,,,,,,,,,,,,,,,,
244,ጓደኛ,በግ,ቆለጥ,ምሳ,እቃ,አረገ,ትምህርት,ቤት,ያዘ,መጣ,ትዝ,,,,,,,,,,,,,,,,,
245,አማርኛ,ጠጣ,"አታሽከርክሩ""",ፖለቲከኛ,ጠጣ,ሢያሸከረክሩ,ገጨ,,,,,,,,,,,,,,,,,,,,,
246,ታለ,ዛሬ,ሰማ,,,,,,,,,,,,,,,,,,,,,,,,,
247,ሰሞን,የፖሠትካትን,ሃለዋ,አአ,ተገኘ,ጠቈመ,,,,,,,,,,,,,,,,,,,,,,
248,ውሳኔ,ወይሥ,ፖለቲከኛ,እርግጠኝነታቸው,ፈራ,ምርጫ,ውጤት,ጠበቀ,ተቀበለ,ኣይምሥሉም,,,,,,,,,,,,,,,,,,
249,ፊት,ታህሳስ,ተደረገ,ህዝባዊ,ስብሰባ,ቅስቀሳ,በኢዜማ,ወረዳ,ሣሪሥ,,,,,,,,,,,,,,,,,,,
250,በሚልዮን,ቈጠረ,ኢራናውያን,አሜሪካ,ትናንት,በሥቲያ,ገደለ,ጀነራል,ቃሲም,ሡሌይማን,ቴህራን,ከተማ,ሽኝት,ድርግ,ተቃውሞ,ሰማ,ተገኘ,,,,,,,,,,,
251,ወንድም,እስክንድር,አሜሪካ,አውሮፓ,ውድ,ኢትዮጵያኖች,ቆይታ,ጨረሰ,ዛሬ,ውዶ,አቅንቶል,እግዚአብሄር,ተመሰገነ,ቀጣይ,,,,,,,,,,,,,,
252,ሀሀሀሀሀሀሀሀሀ,ጉዳይ,"""አልተገናኝቶም""",አለፈ,ቀለለ,ቀረረ,አሪፍ,ጅማሬ,ግኝ*,ኮሜዲያን,እሸት,ልብ,አሪፍ,ድርግ,ነገረ,ወረደ,አበረ,መሰለ,ተስፋ,ሰጠ,,,,,,,,
253,ወለጋ,ምሁር,ማህጸን,ወለጋ,ኦሮሞ,ኪነ,ጥበብ,ቋት,ወለጋ,መኮ,ቢሊና,ኦዳ,ቡሉቅ,ታሪክ,እርስ,ወለጋ,አብዲሳ,አጋ,ጀግንነት,ውርሥ,ወለጋ,የኦሮሙማ,መንፈስ,እስትንፋስ,ወለጋ,የሠቦኑማ,ነበልባል,ወላፈን
254,ናደ,እርግቦን,ከጀ,ውደ,ማ,ብታረጉዋት,ትንሽ,ሻ,እሄንን,ፖርትት,አረጋ,እድል,ለሠጣቹ,ከዳ,ሎሬት,ትልቅ,ክብር,,,,,,,,,,,
255,ረገጠ,አንገት,በላየ,ፈለገ,,,,,,,,,,,,,,,,,,,,,,,,
256,ብልጽግና,ምርጫ,ሰራ,እየ,አለቀ,ስም,ጠራ,ተጸየፈ,መረጠ,ቀሰቀሰ,ፈጣጣ,ወግ,,,,,,,,,,,,,,,,
257,ምር,አይደል,,,,,,,,,,,,,,,,,,,,,,,,,,
258,ዜና,ፖሊትካ,ኢራን,አሜሪካ,ችግር,ዙሪያ,ሰላም,መለሰ,ቀጠለ,ኢትዮጰያ,ጎራ,ማእቀብ,ጣለ,ጥንቅቅ,,,,,,,,,,,,,,
259,ወልዲያ,ዩኒቨርስቲ,በላልይበላ,ቅርስ,ጥበቃ,ቱሪዝም,ትምህርት,ዘርፍ,ካምፓሥ,ከፈተ,,,,,,,,,,,,,,,,,,
260,አማርኛ,አንጎላ,መንግስት,ቀድሞ,ፕሬዝደንት,ልጅ,ዶሥ,ሣንቶሥ,ንብረት,ቁጥጥር,ሥር,ዋለ,አዘዘ,,,,,,,,,,,,,,,
261,ዘጸአት,²⁰,“እነሆ,በጒዞ,ሳለህ,ጠበቀ,ተዘጋጀ,ስፍራ,የሚያሥገባህንመልአክ,ፊት,ላከ,²¹,ጥንቃቄ,ተከተለ,ተናገረ,ልብ,ድምጥ,አታምጽበት,ስሜ,እርስ,አመጽ,ቀረ,,,,,,
262,ጥራት,ፈዋሽነታቸው,ረገጠ,በባዛሮች,ሸጠ,ምርት,ቁጥጥር,ሥር,ዋሉ,,,,,,,,,,,,,,,,,,,
263,ተመነ,እግዚአብሄር,ፍቅር,,,,,,,,,,,,,,,,,,,,,,,,,
264,አቤሎ,ገረመ,ምስኪን,ተነሳ,መንግስት,ይቅርታ,ጠየቀ,ቀረ,ጠፋ,ራስ,ረዳ,አረገ,ከባድ,ረዳ,,,,,,,,,,,,,,
265,ሀገር,ሰላም,ኑሮ,ደረጃ,ለውጥ,ቀጠለ,ፈለገ,ምርጫ,ብልጽግና,ዶር,አብይ,,,,,,,,,,,,,,,,,
266,አብኖ,መታ,ረሳ,,,,,,,,,,,,,,,,,,,,,,,,,
267,እንዴ,ልል,ስል,ቀደመ,እንግዲያውሥ,ክፍያ,ካሜራ,,,,,,,,,,,,,,,,,,,,,
268,አጣ,ቈየ,እንዴ,ጓድ,,,,,,,,,,,,,,,,,,,,,,,,
269,በሞጣው,ጥቃት,ተሸበረ,ሙስሊም,ያዘ,መጅሊሥ,ሆይ,ወዴት,,,,,,,,,,,,,,,,,,,,
270,እሱ,አይደል,የምፈልገዉ,,,,,,,,,,,,,,,,,,,,,,,,,
271,ሞጣ,ጐዳ,መለሰ,ተቋቋመ,ገቢ,ሰበሰበ,መረጃ,ሰው,ስልክ,ደወለ,መልእክት,ተላለፈ,በጎ,ስራ,ተሳተፈ,አበረ,ገቢ,ሰበሰበ,ዘመቻ,ተሳካ,አስተዋጽኦ,ድርግ,የበኩላችን,ድርሻ,ወጣ,,,
272,እንንን,ጭራ,ሃያ,ዘጠኝ,ተጥቅሞ,ማሥፈራራት,ጠበቀ,ክቡርነቶ,,,,,,,,,,,,,,,,,,,,
273,ቄስ,ወጣት,ቅዳሴ,ወደደ,አሜን,ተባለ,ቃል,ጨረሰ,ብስር,ነዋ,ደረሰ,አንትሾ,,,,,,,,,,,,,,,,
274,መድሀኒት,ይፈለሥፋል,እንፈለሥፋለን,ጥርግ,አረገ,ወሰደ,አለለ,ደግ,ይማሀርነ,አሜን,,,,,,,,,,,,,,,,,,
275,ኧረ,ምነ,ምነ,ሞተ,እንዳማረብነ,,,,,,,,,,,,,,,,,,,,,,,
276,ውድ,መሪ,ዶክተር,አብይ,ብዙ,ጠበቀ,ኢትዮጵያዊ,ብዙ,መልካም,ሰራ,ገባ,ሁሌም,አቅም,እነደግፍሃለን,በርታ,ጐን,,,,,,,,,,,,
277,ዋነኛ,ዴሞክራሲያ,ሴት,በላ,ምክንያታዊነት,ህግ,አክባሪነት,እዉነተኝነት,የህዝብየሀገርን,ጥቅም,ቀደመ,ተቻቻለ,,,,,,,,,,,,,,,,
278,መንግስት,ዲሞክራሲ,ቀደደ,ሰማ,ድርግ,ደንብ,ተከተለ,አላማ,ገለጠ,ሀሳብ,ነጻነት,ከለከለ,መንግስት,ብልጽግና,ተወራ,"""ጽ""ን",መሀል,,,,,,,,,,,
279,"""በቅሎ","ይወልዳል""",ብሄር,ገራ,"""ሊወልድም","ይችላል""","""",ወሰደ,ፈረስ,"ነው""","""ይሄኔ",ብሄር,ጋረ,ተናገረ,ኖረ,"ነበር""","""ጂኒ","ጀቡቲ""",,,,,,,,,,
280,ህጋዊ,መንግስት,,,,,,,,,,,,,,,,,,,,,,,,,,
281,ታህሳስ,ባህል,ቱሪዝም,ሚኒስቴር,ሀገር,ጐበኘ,ስፍራ,ዋጋ,ተመን,ወጥ,ድርግ,ሰራ,,,,,,,,,,,,,,,,
282,አመራር,ሀይማኖት,ተዋጽኦየኢአማኝ,አነሰ,ሳበ,ችግር,ሀይማኖት,ትልቅ,ድርሻ,ወሰደ,ባዶ,ሞከረ,,,,,,,,,,,,,,,,
283,ጠቀመ,እውነት,ተቀበለ,እውነት,ተናገረ,እጥፋት,ይቅርታ,ጠየቀ,መሰለ,ዳንኤል,በቀለ,ዶር,,,,,,,,,,,,,,,,
284,ጥር,በዋግህምራ,አበርገሌ,ወረዳ,ህገወጥ,ነገደ,ለማ,ቈየ,ሰፊ,ወርቅ,ማእድ,,,,,,,,,,,,,,,,,
285,ለዉጥ,አመራር,ቡድን,ምናልባትም,ገነነ,ተስፋ,ነበረ,ሂደት,ከፍተኛ,ችሎታ,አነሰ,ነዉ,አየነው,አላማ,እንዳሠብነዉ,,,,,,,,,,,,,
286,የኢንተር,ኮንቲኔንታል,ታበየ,ድንቅ,ጭንጋፍ,ትዝ,,,,,,,,,,,,,,,,,,,,,,
287,ዶሮ,መውደድ,ተነሳ,አዘዘ,ብዙ,ጊዜ,ጣፈጠ,ያልተበቀም,አሪፍ,ገጠመ,,,,,,,,,,,,,,,,,,
288,አዎ,ልክ,ጀግና,መሪ,በልበ,ብሩህነትህና,አሳብ,ልእልና,ልቀ,ተገኘ,አጠገብ,ተገኘ,ርቀት,ስፍራ,ተገኘ,ረዳ,ሰው,ከበሬታ,ግኝ*,ጥሌዘመቂ,,,,,,,,
289,ደገመ,ግርም,የሸገር,ልጅ,ፖለቲካ,ቀጠለ,ገጠር,መጣ,መራ,ሰፋሪ,ተባ,ቀጠለ,,,,,,,,,,,,,,,,
290,ከፍተኛ,ትምህርት,ተቋም,አመሰ,ብሄር,ግጭት,ዘጋ,ነበረ,ወለጋ,ዩኒቨርሲቲ,አገልግሎት,ሰጠ,ጀመረ,የዪኒቨርሢቲው,ሤኔት,ወሰነ,ዩኒቨርሲቲ,ግቢ,ለቀቀ,ወጥ,,,,,,,,
291,አፕላይድ,አርሲ,ዩኒቨርስቲ,አሶሳ,ዩኒቨርስቲ,አክሱም,ዩኒቨርስቲ,ዲላ,ዩኒቨርስቲ,ድሬዳዋ,ዩኒቨርስቲ,ደብረ,ብርሀን,ዩኒቨርስቲ,ደብረ,ማርቆስ,ዩኒቨርስቲ,ኮተቤ,ዩኒቨርስቲ,ጅግጅጋ,ዩኒቨርስቲ,ወላይታ,ሶዶ,ዩኒቨርስቲ,,,,
292,ደሞ,ልብ,በላ,መሞከረህ,,,,,,,,,,,,,,,,,,,,,,,,
293,ይጠቀማሉድሃው,እርስ,እርስ,ቈሰለ,ገደለ,ፖለቲካ,ኢኮኖሚ,ሀይል,ተደላደለ,እንቅርት,ጆሮ,ደግፍ,ሀገር,በቀሉ,ድንቄ,ነገረ,ገደለ,በላ,,,,,,,,,,
294,ብልህ,መራ,አቢይ,አህመድ,አይዞህ,በረታ,ታሪክ,መሪ,ተመቸ,ለየ,ሆደ,ሰፋ,ጥበበኛ,እድለኞችም,እግዚአብሄር,ሰጠ,በለጠ,ጠነከረ,ወንድምአለም,,,,,,,,,
295,ጥሩ,ቂል,ያደርጉሁል,ብልጥ,ክፉ,ድርግ,ዞረ,ሞተ,አዟሪ,ዞረ,ዞረ,ዞረ,ሀገር,"ያለነው""",የሥንብት,ቀለመ,,,,,,,,,,,,
296,ወለጋ,ጠፋ,“ሽፍታ”,“የአክራሪ,ብሄርተኝነት,ምንጭ”,ዘመቻ,ፈራ,ጦር,ዝም,ተሰኘ,ደበበ,አላማ,ኦሮሞ,አንድነት,በተነ,ጎሳ,ክፍለ,ሀገር,ከፈለ,ከእነርሡ,,,,,,,
297,ደሱ,ድምጽ,ወያኔ,ቀርብህ,አሉ,ውነት,ማብራሪያ,ያሥፍልጋል,ሄደ,እንደተንሿከክ,,,,,,,,,,,,,,,,,,
298,ዝም,"""ትምክህት""",ምናም,ነውመግሥቱና,መለስ,ተወዳደረ,አነሰ,ሸኘ,ልምድ,ችሎታ,ጠየቀ,ተገቢ,ምርጫ,,,,,,,,,,,,,,,
299,ህግ,ጠየቀ,አቃቤ,ህግ,ሀላፊነት,ጌታ,,,,,,,,,,,,,,,,,,,,,,
300,ጠልሰም,ቱልት,አሪቲ,ቀበርቾ,ሠመሃል,ቡክቡካ,ደሰሰ,ጠጅ,ሳር,ግዛዋ,ቀለዋየመሣሠሉትንሥ,,,,,,,,,,,,,,,,,
301,መሰለ,ግዜ,ነዉ,ላላ,ሰማ,እዉቅና,ሰጠ,ታታ,አይነት,ብዙ,ሰው,ንግር,መብት,ከለከለ,ስራ,የሚሠራዉ,እቺ,"""ምናባክ","ትሆናለህ""",መሰለ,,,,,,,,
302,ናፈቀ,"""የምትሠራው""",ኤርትራ,አየ,ምነው,ሀገር,ሰላም,ተገኘ,ወንድም,ጦርነት,ወደመ,,,,,,,,,,,,,,,,,
303,"""የጥንት",ግሪኮች,ጥንት,ላቲን,ጥንታዊት,ጻፈ,ያህ,ግሪኮች,ባእድ,ቋንቋ,ባእድ,ሀገር,ጻፈ,ቀረ,ራስ,ቋንቋ,ጻፈ,ድግት,ልክ,እ,,,,,,,,
304,ዘሪቱ,አልበም,ፊት,ጠበቀ,,,,,,,,,,,,,,,,,,,,,,,,
305,ከለከለ,ተጠቃ,ተከላከለ,ተጨዋቾቹ,እርስ,እርስ,ንግር,እንጅ,አይነት,ሀሳብ,ዛሬ,ጅማ,አባ,ቡና,ተሸነፈ,ጨዋታ,መከላከየ,የተጫዎተው,"""ሁሉንም""",አይነት,ኳስ,ተጫወተ,ዘይቤ,,,,,
306,ፈታ,ሀሳብ,ውጥእ,አሪፍ,ጣት,ስልክ,አዘዘ,ናዛዧ,እሷው,ምርጫ,ከበረ,,,,,,,,,,,,,,,,,
307,ሀገሬ,ውሥብብ,ችግር,መፍትሄ,ህያው,አምላክ,,,,,,,,,,,,,,,,,,,,,,
308,ቀለጠ,ወርቅ,ጌጣጌጥ,ብዙ,ችግር,አለፈ,አንተነትህ,አደገ,ረሳ,ተሸነፈ,ጠንካራ,ተሸነፈ,ረጋ,,,,,,,,,,,,,,,
309,ኦራይት,ግል,ጉዳይ,አደባባይ,ውጥእ,ማርዬ,አድራሻ,ውስጥ,መስመር,ላከ,ገፋ,,,,,,,,,,,,,,,,,
310,በርካታ,አመት,ድንቅ,አገልግሎት,በረከተ,አርቲስት,እውቅ,ሰጠ,ድምጻዊ,መሀሙድ,አህመድ,ገጠመ,አለምጸሀይ,ወዳጆ,ሙዚቀኛ,ሰላም,ስዩም,ሠላሚኞ,ደሥ,ለአምባሠል,ሙዚቃ,ፊልም,አሳታሚ,ዝግጅት,ምስጋና,ደረሰ,,
311,ውነት,ብሎዋል,ይኬ,ሥው,እኮ,ሰላም,ኖረ,ሰራ,ፋኖ,ፋሉል,ስብስብ,አላማ,ተራመደ,ሀገር,ሚር,መቤት,መራ,ሽመት,ሰጠ,አፈረ,,,,,,,,
312,ሀገር,ሰላም,ምርጫ,አረጋ,ብላቹሁ,ተነሣቹ,አገር,ለማዳ,ለማጥፍት,ይሄ,ምርጫ,ባሰ,ደሞ,ምርጫ,ክረምት,ፈለገ,ምርጫ,ለማጭበርበር,,,,,,,,,,
313,ዎዮእናቴ,አልሠማች,ጉዶ,ብይ,ምነግራትእንዲሁም,አትምናቸውም,,,,,,,,,,,,,,,,,,,,,,
314,ጸረ,አማራ,ተባለ,እነ,ደሳለኝ,ጫኔ,አማራ,ነጻ,ቀረበ,ጊዜ,ዘመን,ከህወሀት,ጎን,ቆመ,መለስ,ራእይ,ቀጠለ,ዘመን,ትውልድ,ሞት,ተሻለ,አየ,,,,,,
315,ውነት,ጨበጨበ,,,,,,,,,,,,,,,,,,,,,,,,,,
316,ጆሮ,አእምሮ,ጮኸ,ድምጽ,ትክክል,መሰለ,እውነት,ፕላትፎርማችን,ለካ,ጬኸት,ጩኸት,ውነት,ውነት,ጩኸት,,,,,,,,,,,,,,
317,"""ፍጹም",ውሸት,ውህድ,አይነት,ጀመረ,"የለም""",አቶ,ናትናኤል,ፈለቀ,የኢዜማ,ፓርቲ,ግንኙነት,ሀላፊ,ስልክ,ነገረ,,,,,,,,,,,,,
318,አማራ,በቂ,,,,,,,,,,,,,,,,,,,,,,,,,,
319,ለፈለጣ,ምች*,ቁም,ዶለ,መጥፎ,ነዉ,"""ውዴ",ገና,አይነት,ስጦታ,ሰጠ,"""","እኔማ""ውዴ",ይሄ,ጌታ,ልደት,"አይደለም""",አልኳታ,,,,,,,,,,
320,ከዝብ,ማር,ጠበቀ,ተባለ,ከእንደዚህ,አይነት,ላህጫም,ጥሩ,ንግግር,ጠበቀ,ማረ,ከብት,ሳበ,ፈጠረ,ጠበቀ,አሜን,,,,,,,,,,,,
321,እንዴ,ሎሚ,ወረወረ,ኖረ,ወደደ,እንዴ,ምነው,ተራ,,,,,,,,,,,,,,,,,,,,
322,አቤቱ,አምላክ,ፈጠረ,አእዋፍ,እንሰሳ,ዱር,ጫካ,ጠለለ,በላ,እሳት,መኖሪያ,ነዶ,ከሰለ,አካል,ነዘረ,አካል,ነደለ,ሀዘን,ጐሰቈለ,ሳለ,ምድር,ሰማይ,አረጋ,ፈጠረ,ደርሰህ,ዳነ,ኤሎሄ,በሃይልክ
323,ነፍስ,ከድነት,አመመ,ሰላም,አወቀ,ብቸኛ,የባዶቻ,ንስሀ,ጥፋት,ክፉ,አይነት,,,,,,,,,,,,,,,,,
324,አማርኛ,ህወሀት,መንግስት,ሀይል,ውስጥ,ጉዳይ,እጅ,ወጣ,ወቀሰ,,,,,,,,,,,,,,,,,,,
325,ቦርድ,የፓለቲካ,ፓርቲ,ምዝገባ,ተመለከተ,መመሪያ,ጸደቀ,,,,,,,,,,,,,,,,,,,,,
326,ረዘመ,ተነሳ,ተመካ,አይሮፕላን,ገጨ,ምፈራው,,,,,,,,,,,,,,,,,,,,,,
327,ፈተነ,አጼ,ሀይለስላሴ,አግላይነት,ጻፈ,ሰውዬ,ጨረሰ,እኩይ,ረዳ,ጊዜ,ሀገር,አደረ,ብዙ,መልካም,ሌጋሢ,ኖረ,መልካም,ውለታ,ዜጋ,ተመሰገነ,ቀሀ,,,,,,,
328,ውድ,ደንበኛ,አነሰ,ጉዳይ,ረገጠ,ምላሽ,የምንሠጦት,ገጠመ,መልካም,ምኞት,ተመሰገነ,,,,,,,,,,,,,,,,,
329,ጽንፈኛ,ብሄርተኞች,ፓለቲካ,አየር,በከለ,ቋጠረ,አብዛኛ,ጽዮን,ጨመረ,በእነርሡ,አስተሳሰብ,ቅኝት,ተጽኖ,ሥር,ወደቀ,አሳዛኝ,,,,,,,,,,,,
330,ምናልባትም,ክልል,ሰላማዊ,ሰልፍ,አበረ,አይን,ቀለም,ማረ,ሙስሊም,አሰረ,ቻለ,መስጊድ,ሱቅ,ቅጥል,ክርስትና,መዝሙር,ዘመረ,መጅሊሡን,ፈረሰ,ጠራ,,,,,,,,
331,የሥራጥሪ,የዩኒሌቨር,ካምፓኒ,የዪኒቨርሥታችን,ምሩቃን,ተወዳደረ,ቀጠረ,ፈለገ,አመመ,ምሩቃን,አመመ,መረቀ,ነገ,ሮብ,ሰአት,,,,,,,,,,,,,
332,ዘመን,ቀደመ,ነበረ,እርስ,ህጻን,ዳነ,አለም,ተደረገ,ደሥ,ደረሰ,,,,,,,,,,,,,,,,,,
333,ይቅርታ,ተስተካከለ,ጉዳይ,ምክንያት,የኦንላንይን,ባንኪንግ,ሲስተም,ሰራ,ቅርብ,ሰራ,ነገረ,እሥከዛው,ድረስ,አካል,ቅርብ,ተገኘ,ባንክ,ቅርንጫፍ,አካል,ሄደ,ገባ,ተቻለ,,,,,,
334,ፕር,ህዝቅኤል,ጋቢሣ,ገረመ,ጥናታዊ,ጹሁፉን,ጫት,የሠራዉ,ምክኒያት,ፈለገ,ሚዲይ,ጋበዘ,ቀረበ,ምርቃና,እንዳለ,ጫት,ቃመ,ሰማ,ፈለገ,ነገረ,,,,,,,,
335,ግራ,ገባ,ቴሌቪዥን,ጣቢያ,ከፈተ,እራሣቸውን,አየ,ሰው,ጉዳይ,,,,,,,,,,,,,,,,,,,
336,ሲሳይ,ኣጌና,የፈሥቡክ,ኣካውንት,ተደጋጋሚ,አወቀ,,,,,,,,,,,,,,,,,,,,,,
337,ሀሳብ,እቁብ,የለብህ,ግብር,የለብህ,አባት,,,,,,,,,,,,,,,,,,,,,,
338,በበኩሌ,የኢፌዲሪ,ፕሬዚዳንት,ክብርት,ወረረ,ሣህለወርቅ,ዘውዴ,ጉዳይ,ሚንሥቴር,ሚንሥትር,ክቡር,አቶ,ገድ,አንዳርጋቸው,ደገመ,የኢፌዲሪ,ፕሬዚዳንት,ስልጣን,ሽግሽግ,ድርግ,ምኞት,,,,,,,
339,“አሁን,መንግስት,አሃዳዊ,ጸር,ፌድራሊሥት,ነዉ,የምላቸዉ,ጠቀለለ,ምንሥትሩ,አርአያ,አጼ,ሚኒሊክ,አጼ,ሀይለስላሴ,ናቸዉ,እሥታይላቸዉ,ደገመ,መንግስት,ሀይለማሪያም,"ነዉ""",ፕር,እዝቅኤል,ገቢሳ,,,,,
340,መቐለ,እንደርታ,አዳማ,ከተማ,ቀጥታ,ውጤት,ገለጠ,,,,,,,,,,,,,,,,,,,,,
341,ፈሪ,አደገ,አንበሳ,እየጋለብኩ,ዝሆን,አለበ,,,,,,,,,,,,,,,,,,,,,,
342,ጠቀለለ,ሚኒስትር,ኤክሣይዝ,ታክስ,ህብረተሰብ,ጤና,ጠበቀ,ያሥችላልሆኖም,ሲጋራ,ጤና,ድርጅት,ብር,ፓኮ,አነሰ,ግብ,ኣያሣካምየገሥቴር,,,,,,,,,,,,
343,መስመር,አመነ,ሣንበረከክ,በግ,ወጥ,ታማኝነት,ረገጠ,,,,,,,,,,,,,,,,,,,,,
344,ኡሥታዝ,አቡበከር,አህመድ,ታሪክ,ፕሮግራም,ያሠተላለፈው,ወሳኝ,መልእክት,,,,,,,,,,,,,,,,,,,,
345,ሰለጠነ,ተግባር,ሰጠ,ስልጡን,ምላሽ,ሞጣ,ወደመ,መሥጂዶች,አሥመልቶ,ኮምቦልቻ,ተደረገ,ታላቅ,ህዝባዊ,ተቃውሞ,ዛውያ,ቲቪ,,,,,,,,,,,,
346,ኧረ,በር,ዘጋ,ተነጋገረ,እንዴ,,,,,,,,,,,,,,,,,,,,,,,
347,ማርያም,መልአኩ,“እኔ,ወንድ,አወቀ,ይችላል”,አለችውመልአኩም,መለሰ,መንፈስ,ቅዱስ,መጠጠ,ልኡል,ሀይል,ይጸልልሻል,ወለደ,ቅዱስ,ህጻን,እግዚአብሄር,ልጅ,ይባላል”,ሉቃ,,,,,,,
348,አመመ,ገና,አሻ,ቲቪ,ተዘጋጀ,ልዩ,በአል,ዝግጅት,ገና,እለት,ጠበቀ,,,,,,,,,,,,,,,,,
349,ምድብ,"""ለ""",አዲሥ_አበባ,ከተማ,ጨዋታ,ነጥብ,ተገኘ,መድን,ምድብ,"""ሀ""",ጨዋታ,ነጥብ,ግኝ*,በተለይ,ሰለጠነ,መኮንን,አዲሥ_አበባ,ከተማ,ብሄራዊ,ሊግ,እንዳያዎርደው,ፈራ,,,,,,
350,ቶሎሳ,እለት,በዛ,ልብ,ሰረቀ,ፈገግታ,ታጀበ,ተመኘ,,,,,,,,,,,,,,,,,,,,
351,ቈላ,ኮፍያ,አረገ,የሚይምርብን,,,,,,,,,,,,,,,,,,,,,,,,
352,ትክክል,በራ,የህውሀት,መብት,ከበረ,እውነተኛ,ፌዴራላዚም,ለመለመ,ነገረ,አቋም,ግልጽ,ድርግ,እንጅ,,,,,,,,,,,,,,,
353,ፍቅር,,,,,,,,,,,,,,,,,,,,,,,,,,,
354,ጾታ,ዶኪሌ,ጠራ,አለማለታቸው,,,,,,,,,,,,,,,,,,,,,,,,
355,በሀገሪቷ,ዜና,ክስተት,ግጥም,ዜና,ሰራ,አካባቢዉ,ወሰነ,ገለልተኛ,ሚዲያ,ተቋም,ደህና,,,,,,,,,,,,,,,,
356,ፈራ,የጭለማውን,የህወሀት,ዘመን,ተሻገረ,ረሳ,ብንከራከ,ብንሥዳደብም,ተስማማ,ሰማ,ፍርሀት,ነጻ,ቀጠለ,የሚግባው,,,,,,,,,,,,,,
357,ተናግሪያለዉ,እኮ,ወሳኝ,ሰው,ጐዳ,ገባ,የዛ,ቀን,ዜናዉን,ፈለገ,ሻይ,ቀዘቀዘ,ነዉ,የሚያናደዉ,,,,,,,,,,,,,,
358,በየአመትባሉ,ይቺ,ሸውዱን,እሥኪ,ደን,ሰራ,ረጋ,አመመ,ከፈለ,አየ,ደንብ,,,,,,,,,,,,,,,,,
359,ታላቅ,ፍጥረት,እግዚአብሄር,ታላቅ,አምላክ,ክብር,አየ,እረካለው,,,,,,,,,,,,,,,,,,,,
360,ቸገረ,መንግስት,ተብየው,,,,,,,,,,,,,,,,,,,,,,,,,
361,መጅሊሥ,ዝም,ክልል,ሙስሊም,ተስፋ,ነፈገ,ወይሥ,መስጊድ,ተቃጠለ,ጠበቀ,,,,,,,,,,,,,,,,,,
362,ተወዳደረ,ተወዳደረ,ምድብ,ከነ,ጆሢ,ምናምን,,,,,,,,,,,,,,,,,,,,,,
363,ዶር,ኢንጅነር,ሺ,በቀለ,ቀለም,ቀንድ,ፕሮፌሽናል,አገር,አባይ,ግድብ,ድርድር,ቀላ,መስመር,ስምር,ምርጥ,ዲፕሎማት,ሀገር,ወዳድ,,,,,,,,,,
364,ሰላም,ሀገር,ይሁንከምርጫ,ፊት,ሀገር,ሰላም,ረጋ,ይቀድማልምርጫው,እትም,ሄደ,ይደርሣልነገር,ምርጫ,ሄደ,ከድጡ,ማጥ,ልቅ,በአትኩሮት,አሰበ,ይገባልሠላም,ቀደመ,,,,,,,,
365,“እኛ,ውነት,ያዘ,እናሸንፋለን”,,,,,,,,,,,,,,,,,,,,,,,,
366,ዮሄ,ውነት,ውነት,ህወሃትን,አመመ,በቃ,,,,,,,,,,,,,,,,,,,,,,
367,ምእራብ,ኦሮሚያ,አየር,ምድር,መጠነ,ሰፊ,ውጊያ,ጀመረ,ከበበ,ወገን,ጨፈጨፈ,ዝምብሎ,አየ,የለበትብ,,,,,,,,,,,,,,
368,ምንድነው,ጥፍት,መጣ,ልክ,መስቀል,ወፍ,"""","""",,,,,,,,,,,,,,,,,,,,
369,ተሰቃየ,አቦ,ጠርጥሬ,ወድም,ተዛመደ,,,,,,,,,,,,,,,,,,,,,,,
370,"""ኧረ",ሚቃጠል,ሸተተ,እሥቲ,ባልቦላ,"አጥፉ""",,,,,,,,,,,,,,,,,,,,,,
371,ናይጄሪያዊቷ,ቤት,እመቤት,እራሷን,ተቃጠለ,,,,,,,,,,,,,,,,,,,,,,,
372,ጋሞ,ዞን,ክልል,ጥያቄ,ደቡብ,ክልል,ምክር_ቤት,ቀረበ,በተቀመጠዉ,ጊዜ,ገደብ,አመት,ዉሣኔ,ተገኘ,ጋሞ,ዞን,ምክር_ቤት,ፌዴሬሽን,ምክር_ቤት,ቅሬታ,ቀረበ,,,,,,,
373,"""በሁለቱም",ህዝቦችክልሎች,መሀከል,ህጋዊ,ንግድ,ልውውጥ,ተደረገ,ያወጁ,ግለ,ሠብአቶ,ላከ,አለበልየንግድ,ሚኒሥተር,ድርግ,ሾመ,ቧልት,"የሚሆንብኝ""ዛሬ",የፖርላማ,አባልበፎቶው,,,,,,,,,
374,አሻራ,ሰው,ሰውነት,ትርጉም,ህይወት,መስፈርት,ሀብት,ንብረት,ማእረግ,ሹመት,ፍትህ,ሰደደ,ለዉነት,ሰዋ,በደል,ተጸየፈ,ግፍ,በቃ,አሻራ,ትውልድ,ውስእ,,,,,,,
375,ኧረ,መላመላ,አይነት,ፍቅር,መላ,መላ,ዱለት,በላ,,,,,,,,,,,,,,,,,,,,
376,ወያኔ,እድለኛ,ለም,ሰላም,መቀሌ,ወሸቀ,መንጌ,ጃንሆይ,ባለስልጣን,እኮ,ረሸነ,አብቹም,ምናልባት,አየ,ረሸነ,እዲህ,ልክ,ላፈ,ሥቀብጡ,,,,,,,,,
377,ጎል,ግብእ,ተኰፈሰ,,,,,,,,,,,,,,,,,,,,,,,,,
378,ሸም,ያዘ,ሰው,ኤሌክትሪክ,ያዘ,,,,,,,,,,,,,,,,,,,,,,,
379,በእንዲህ,እንዳለ,ጎረቤት,ተጓ,ች,ጩኸት,ሰም,ጊዜ,ጫካ,ደረስ,ቆመ,አንገት,ዘረጋ,ነበረ,ቦታ,ተመለከተ,ዛፍ,ዙሪያ,ክበብ,ፈጠረ,ልጅ,እነሱ,አየ,ጥያቄ,,,,
380,እካባቢ,,,,,,,,,,,,,,,,,,,,,,,,,,,
381,ላቡኮ,በላ,ደቡብ,ኦሞ,ዞን,ጂንካ,ዙሪያ,ማህበረሰብ,ባህል,እስራት,ቀንበር,ለቀቀ,ወጣት,ሄደ,አለለ,ረዳ,ቻለ,ውስጥ,እምቅ,ሀሳብ,ሀገር,በቃ,ደገፈ,በረታ,ትልቅ,ዳነ,የሚ,
382,ከፍተኛ,ሊግ,ኛ,ሳምንት,ምድብ,ቀጥታ,ውጤት,ገለጠ,,,,,,,,,,,,,,,,,,,,
383,ጠቀለለ,ሚኒስትር,አቢይ,አህመድ,ቦረና,ዞን,ያቤሎ,ከተማ,ገባ,ጠቀለለ,ሚኒስትር,ያቤሎ,ደረሰ,አካባቢ,ሀገር,ሽማግሌ,ነዋሪ,ደማቅ,አቀባበል,ድርግ,ቆይታ,ህብረተሰብ,ውይይት,ድርግ,,,,
384,ብልጽግና,ፓርቲ,ክልል,ፕሬዚዳንት,በማህከላዊ,መንግስት,መረጠ,ክልል,ላከ,ነግሮች,ቀጠለ,ሀገሪቷ,ገባ,እድል,ሰፊ,እርሦሥ,ሰማ,,,,,,,,,,,
385,ልጅ,ሳለህ,ሰንበት,ትምርት,ቤት,ቍርጥ,ሄሮድስ,ተረከ,ዶክተርዬ,ዛሬ,ቀጠለ,ራስ,ኢየሱስ,ቦታ,ድርግ,ሃሃሃ,,,,,,,,,,,,
386,ድሮ,ሸመደደ,ቀላል,ተንበለበለ,ኢህኣዴግ,ልብ,ወለድ,ድርሰት,ይሀው,ውሀ,በላቸው,በህወሀት,አንጋፋ,ካድሬዎችም,ጭምር,ረሳ,ደገመ,ዘበናይ,ካድሬዎች,አዲስ,ድርሰት,ጠና,ይሥተዋላል,,,,,
387,ምክንያት,ከረከረ,ክፉ,ሰራ,ጨቈነ,ከረከረ,ጨቈነ,ብይ,በጎ,ሰራ,ብይ,ተገኛኘ,,,,,,,,,,,,,,,,
388,በሚልዮን,ቈጠረ,ኢራናውያን,አሜሪካ,ትናንት,በሥቲያ,ገደለ,ጀነራል,ቃሲም,ሡሌይማን,ቴህራን,ከተማ,ሽኝት,ድርግ,ተቃውሞ,ሰማ,ተገኘ,,,,,,,,,,,
389,መረመረ,ፈለገ,,,,,,,,,,,,,,,,,,,,,,,,,,
390,ፈላ,ሰጠ,አያረገውም,,,,,,,,,,,,,,,,,,,,,,,,,
391,ጥሩ,ጥንክር,መልክ,ህገወጥ,ከለከለ,ህብረተሰብ,ሀላፊነት,,,,,,,,,,,,,,,,,,,,,
392,አዴፓ,ርጅ*,ሀሳብ,ድርቀት,ተመቷል,አረጠ,መረጠ,ሰላማዊ,ድርግ,መንግስታዊ,ስልጣን,ተጠቀሞ,ዛሬ,ተዋከበ,ፈለገ,ተባበረ,ምርጫ,ብአዴንአዴፓ,ሰላማዊ,ነገደ,በአብን,ተካ,,,,,,
393,መጣጥፍ,ምርምር,ትኩረት,ግንቦት,አመመ,ማክተሚያ,ጠቀለለ,ሚኒስቴር,አቢይ,አህመድ,በኢህአዴግ,,,,,,,,,,,,,,,,,
394,ብልጽግና,ፓርቲ,ኢዜማ,ተጣመረ,ሰማይ,ወፍ,ነገረ,,,,,,,,,,,,,,,,,,,,,
395,እናት,ጽናት,ሰጠ,ሀዋሳ,ዩኒቨርሲቲ,ስለት,ወጋ,ገደለ,ተማረ,ሱራፌል,ሰለሞን,አስከሬን,ዛሬ,ወልዲያ,ገባ,ቅዱስ,አምላክ,ነፍስ,አጸደ,ገነት,አረፈ,ጌታሆይ,እናት,እንባ,አየ,እቃ,,
396,በአል,ክብርት,አምባሳደር,ናሢሤ,አገር,መሰረተ,ህብረብሄራዊ,ፌዴራል,ስርአት,አር,ብሄር,ቋንቋ,ሀይማኖት,ብዝሃነትን,ጸጋ,ወሰደ,ጠንካራ,አገራዊ,አንድነት,ገነባ,አላማ,ያነገበ,ገለጸ,,,,,
397,በሀላባ,ዞን,የሀላባ,ዘመን,ለወጠ,ሴራ,ደማቅ,ሥነሥረአት,ተከበረ,በሀላባ,ዞን,ዌራ,ወረዳ,የሀላባ,ዘመን,ለወጠ,ሴራ,ዛሬ,እለት,ማለዳ,በሀላባ,ቁሊቶ,ሥታድየም,ደማቅ,ሥነሥረአት,ተከበረ,,
398,ከፍተኛ,ትምህርት,ተቋም,ማረ,እርምጃ,ወሰደ,,,,,,,,,,,,,,,,,,,,,,
399,ከሞጣው,ሽብር,ተግባር,በሀላ,ክልል,ሄደ,እርሞጃዎች,ጥፋት,ፈጸመ,ይፋ,አወገዘ,ተግባር,"""ትንሽ","ነገር""",ጠቀሰ,ሽብርተኛ,ከለላ,በሥተመጨረሻም,በደለ,,,,,,,,,
400,አቶ_ንጉሡ,ጥላሁን,የታገቱ,መራ,አሠለቅቀናል,ውነት,እሠየው,ዘርዘር,አረገ,አወቀ,አላባ,ጉዳይ,እንዳለ,ሰማ,እሠከ,ዛሬ,ዝም,አይነት,ስምምነት,ለቀቀ,ተቻለ,,,,,,,
401,ኢልሃን,ኡመር,ወቅታዊ,ጉዳይ,ዙሪያ,ይሄ,ተበላሸ,ጭንቅላት,ባለቤት,ፕረዚደንት,ትራምፕ,ለወትሮው,በቋፍ,መካከለኛ,ምስራቅ,ሰላም,ለየ,ውጥረት,ገባ,ድርግ,,,,,,,,
402,አንባቢ,እህት,,,,,,,,,,,,,,,,,,,,,,,,,,
403,አሜሪካ,መቸም,ብሄራዊ,ጥቅም,ተገነዘበ,ፍላጎት,ኖረ,አወቀ,ገንዘብ,ተቋማቶቿ,ተንበረከከ,አዘነ,,,,,,,,,,,,,,,,
404,ሚያሣዝነው,ሀገር,ጉዳይ,አቅጣጫ,ሄደ,ጦርነት,በተነ,ባህል,ማንነት,ጥያቄ,ሚያቀርቡ,ቃመ,,,,,,,,,,,,,,,,
405,ማንበብ,ልብ,ሰበረ,አዘነ,,,,,,,,,,,,,,,,,,,,,,,,
406,ስሜት,ልብ,እጋራሎህ,በክሥቱ,መላ,ቤተሰብ,ልብ,ሀዘን,ሰበረ,አይነት,አስነዋሪ,የፓለቲካና,ማህበራዊ,ክስተት,በቃ,ፖለቲከኛ,እስዎ,ጭምር,ውስጥ,ፈተሸ,ራስ,እውነተኛ,ጠየቀ,,,,,
407,ታጋቾች,ፈታ,ቃል,ተቀበለ,ማገት,ፈቀደ,ፈቀደ,እንዴ,,,,,,,,,,,,,,,,,,,,
408,“በክፉ,ሰው,ቀና,እነሱ,አትፈልግም”,ምሳሌ,,,,,,,,,,,,,,,,,,,,,,
409,ስድስተኛ,ሳምንት,ሙሉ,ውጤት,,,,,,,,,,,,,,,,,,,,,,,,
410,"""ጠቅላይ",ሚስተር,አማካሪ,መረጠ,ቻለ,ጠቀለለ,ሚስተር,መረጠ,"ነኝ""",ዘይት,ሁሴን,አሜሪካ,ኢምባሢ,ዝግጅት,,,,,,,,,,,,,,
411,አምባገነናዊ,ስርአት,ፈለገ,ከነጃዋርም,ብልጽግና,ራቀ,አለበ,ጨመረ,ግልጽ,መርህ,እውነተኛ,ፌዴራሊዝምን,ከሚያቀነቅኑ,ምሳሌ,አብሮነት,አይነት,ፖለቲካ,ግንባር,ትብብር,ፈጠረ,,,,,,,,
412,እባካችሁ,ጸጥ,ወንድ,አካል,,,,,,,,,,,,,,,,,,,,,,,,
413,"""",ሰው,ጠበቀ,ፈለገ,ብታንኳኳ,ነዝናዛ,ተደረገ,ቈጠረ,እግዚአብሄር,እርስ,ቸገረ,ነዘነዘ,"ታሣዝነዋለህ""",ቅዱስ,ዮውሀንሥ,አፈወርቅ,,,,,,,,,,,,
414,ደርግ,ወታደር,ልጅ,አባት,የውግያ,አሥከፊነት,አስተማረ,አለፈ,ተአምር,ሰገራ,,,,,,,,,,,,,,,,,,
415,ቁሳቁስ,ኮተት,ተጨነቀ,ትዳር,ዝግጁ,ገባ,ግብእ,ግራ,ግብእ,ተጨነቀ,ከዛ,ዛሬ,ወንድ,አስተዳዳሪ,ሴት,ደደረ,,,,,,,,,,,,
416,ፕሬዚዳንት,ትራምፕ,አዳኑ,መሰገ,ነካ,እጅ,አወቀ,ታጠቀ,አካል,በላ,ማንነት,አወቀ,መልካም,,,,,,,,,,,,,,,
417,አዲ,አበባ_ከተማ,አደረ,አዲ,አበባ,ምክር_ቤት,አባል,እንጅ,ገባ,ለተዎካዮች,ምክር_ቤት,እሪፓር,ቀረበ,,,,,,,,,,,,,,,
418,በአል,ተመለከተ,,,,,,,,,,,,,,,,,,,,,,,,,,
419,አየ,ምህዳር,ነውእኛ,እርስ,እርስ,በላ,ሀገር,በቀሉ,ድንበር,ተሻገረ,በዝባዥ,በለጠ,ገለጠ,የተዋረድ,ኢእኩልነትን,አየ,እርስ,ጋራ,መጋፈጥ,ተቻለ,,,,,,,,
420,ዝማም,ነነ,ማረ,,,,,,,,,,,,,,,,,,,,,,,,,
421,አማራ,ስቃይ,ደምቢ,ዶሎ,ዩኒቨርሲቲ,በቄሮኦነግ,የታገቱና,ለቀቀ,አማራ,ማረ,ዝርዝር,,,,,,,,,,,,,,,,,
422,ሲዳማ,ቡና,ባህር,ዳር,ከተማ,ቀጥታ,ውጤት,ገለጠ,,,,,,,,,,,,,,,,,,,,
423,ስፔን,ኢራቅ,ጦር,ሰራዊት,ክዌት,ውጥእ,ነዉ,,,,,,,,,,,,,,,,,,,,,
424,አቶ,ተመስገን,ክርስትና,እምነት,ተከታይ,ገና,ደረሰ,መልካም,ምኞት,ገለጸ,ሙስሊም,ደሞ,ወሰደ,እርምጃ,ተዘጋጀ,አይነት,ዛቻ,ሰነዘረ,እገዛ,ክልል,ቀውስ,ዳረገ,ጣረ,,,,,
425,ህብረተሰብ,ስነ,ልቦና,አወቀ,ስነ,ቃል,ጥናት,ደረጃ,አወቀ,ህብረተሰብ,ትንተና,ትሠጣልህ,,,,,,,,,,,,,,,,
426,አፋር,የሸህ,ጠልሃ,ጃእፈር,ልጅ,ልጅ,ወሎ,ሜድር,ሙስሊም,ጠፋ,ተነሳ,አሸባሪ,ዩሀንሥ,ታገለ,ወሎ,ሙስሊም,ከፍተኛ,መስዋእትነት,ከፈለ,ወሎ,ወሎየ,,,,,,,
427,ዳናዊት,መክብብ,ራቁት,የደነሠችዉን,ቪዲዮ,አየ,የጋሽ,አበራ,ሞላ,ነዉ,ምፈልገዉ,,,,,,,,,,,,,,,,,
428,እናት,ሰው,እንስሳ,አውሬ,ሰራዊት,እናት,ኖረ,መድሀኒት,እናት,ከተዜሙ,ተወዳጀ,ስራ,ሻለቃ,ወጋየሁ,ደግነት,ስራ,,,,,,,,,,,,
429,ጣና,በለስ,ስኳር,ፋብሪካ,ሸንኮራ,አገዳ,ልማት,ጃዊ,ወረዳ,አባወራ,ተነሳ,ተደረገ,አመት,ቈጠረ,አቀደ,ፋብሪካ,ግንባታ,ተገኘ,,,,,,,,,,
430,ለዳጉ,ነገረ,ይሄን,ተጥቅሞ,በነዚ,ቀና,ቃል,ጦርነት,ሊያጧጡፍ,,,,,,,,,,,,,,,,,,,
431,አባት,ሰረቀ,ንብረት,ያዘ,ተጠነቀቀ,አደጋ,,,,,,,,,,,,,,,,,,,,,,
432,ዘጌ,ባህላዊ,ለበሰ,ቀሚስ,ጥለት,ሰራ,ጌጣጌጥ,ግይጥ,ውድ,ዋጋ,ውጥእ,ልብ,,,,,,,,,,,,,,,,
433,የነገራቶች,ክብደት,ሰማ,አማራ,ህመም,አየ,ጋዜጠኛ,ስድብ,ዘለፋ,ተቀባይነት,"""የዝንጀሮ",ፍትህ,ግንዛቤ,ብአዴንና,አለቃ,–,በላይነህ,"አባተ""",,,,,,,,,,
434,ድሮ,ዘመን,ዘመን,,,,,,,,,,,,,,,,,,,,,,,,,
435,ሞተ,ከመሟታቸው,ፊት,ሰፈር,ወሮበላ,መልካም,ወጣት,ድርግ,ጥረት,,,,,,,,,,,,,,,,,,,
436,የምር,ቀልድ,ቀረበ,ሳቀ,አወቀ,,,,,,,,,,,,,,,,,,,,,,,
437,"""በውሸት",ከተማ,እውነትእንግዳ,መሰለ,ጸጉረ,ዋጠ,አወቀ,ሞኝ,"ነው""",ሀና,ተክሌ,ሀብተ,ሰማይ,ውነት,ውነት,,,,,,,,,,,,,
438,ጥሩ,አለፈ,,,,,,,,,,,,,,,,,,,,,,,,,,
439,አቅም,አቋም,ሀሳብ,አጣ,ልብ,ስሜት,ጐደለ,ህይወት,ንብ,ጣለ,ሄደ,አዶ,ቀፎ,,,,,,,,,,,,,,,
440,ኦህዴድ,ነጻ,ነበረ,ፓርቲ,አለለ,መረራ,ሥለኦህዴድ,ኣሥተሣብ,ተናገረ,ሰማ,ተደሰተ,ለም,,,,,,,,,,,,,,,,
441,በጀት,ምደባ,መጣ,,,,,,,,,,,,,,,,,,,,,,,,,
442,ጥገና,ተከናወነ,አስቻለ,የቅድመ,ዝግጅት,ስራ,አብዛኛው,ተጠናቀቀ,ሀውልት,ጥገና,ጥር,ጨረሰ,ጀመረ,ዝግጅት,ተደረገ,ጥር,አጋማሽ,ጥገና,ፈለገ,እቃ,,,,,,,,
443,ቃል,ዜማ,አስቂኝ,አሽሙር,ወግ,ከመምህርት,እጸገነት,ከበደመምህርት,,,,,,,,,,,,,,,,,,,,
444,ያለባቹ,እምነት,የቆማቹሁት,ሠለዘር,ሳበ,መርዝ,የተጠነሠሠ,ሴራ,ይሄ,ፈጠረ,እንደሥራቹ,የእጃቹሁን,ይሠጣቹሃል,በተጨማሪ,ምክር,ለገሰ,ክፋት,ተንኮል,ለአላህ,ሰገደ,ጥሩ,ጀመረ,ይሄን,ክፋት,,,,
445,ሣሥ,ልጅ,አማርኛ,ውርእ,ተወ,ተላላከ,,,,,,,,,,,,,,,,,,,,,,
446,"""",በዲናችን,እናት,ሀገር,ደረደረ,"""",,,,,,,,,,,,,,,,,,,,,,
447,ለቀቀ,መራ,ለቀቀ,ስቃይ,ቤተሰብ,ጨበጠ,ተስፋ,ሰጠ,ባሰ,አዘነ,በኢህአዴግ,ውሸት,ሥኬል,ጭካኔ,ሞላ,አሳፋሪ,ድርጊት,,,,,,,,,,,
448,ኢትዮጵያዊ,ሱዳን,ሀገር,መለሰ,,,,,,,,,,,,,,,,,,,,,,,,
449,ዘገባ,ህጻን,ቢላዋ,ቈረጠ,ገደለ,,,,,,,,,,,,,,,,,,,,,,,
450,አሪፍ,ፍቅር,ተኮር,ቀረጻ,ታሪክ,ሚዛን,እሡማ,ቱ,ማእዘን,አሪፍ,አሉ,,,,,,,,,,,,,,,,,
451,ሰጠ,ቀን,ህጻን,ገና,በትቤታቸው,ከበረ,,,,,,,,,,,,,,,,,,,,,,
452,መንገድ,ያዘ,,,,,,,,,,,,,,,,,,,,,,,,,,
453,ህጻን,ልጅ,ተሽኰረመመ,ሳቀ,ሚመሥለው,,,,,,,,,,,,,,,,,,,,,,,
454,ሸበላ,ውድድር,ምርጫ,ወረዳ,ወከለ,መረጠ,ምርጫ,ወረዳ,እለት,ተለት,ችግር,ገጠመ,ምርጫ,ወረዳ,ዝቅ,መዋቅር,ምርጫ,ወረዳ,ውክልና,ወሰነ,ምርጫ,ወረዳ,,,,,,
455,ክፍለዘመን,ጠየቀ,ፖለቲካ,ቻለ,ሀገር,ወይሥ,ክፍለዘመን,ፖለቲካ,ተራመደ,ተከተለ,ጀመረ,ተጫወተ,ሰራ,ተጫወተ,ጥያቄ,,,,,,,,,,,,,
456,አብይ,ደመቀ,ገድ,ማ,እስክንድር,ብርሀኑ,አማራ,ሹመኞች,ጥቅም,አለቀ,ቅጥረኛ,,,,,,,,,,,,,,,,,
457,ደህና,ደህሩ,ነጋ,ደገመ,መልካም,,,,,,,,,,,,,,,,,,,,,,,
458,ብዙ,ደደብ,ፖለቲከኛ,ተቻለ,ደቡብ,ለየ,በሬ,ግምባር,አከለ,መሬት,ያዘ,ከጀዋር,ቂንቂን,ላላ,ልጅ,አሰበ,ደግ,,,,,,,,,,,
459,እችን,ወደደ,ተከተለ,እንዴ,የከረመው,ተበጠረ,የለ,እንዴ,,,,,,,,,,,,,,,,,,,,
460,አምላክ,ማስተዋል,ጥበብ,ሰጠ,,,,,,,,,,,,,,,,,,,,,,,,
461,ከፈተ,እንዴ,,,,,,,,,,,,,,,,,,,,,,,,,,
462,ፍቅር,ጀመረ,እምነት,ሀይማኖት,ጀመረ,ተዋህዶ,ልጅ,ላገ,ቅዱስ,ቀን,ክብር,ቀን,በቃ,በቃ,ለሁላችንም,አሜ,ጋብቻክብሩቅዱሥህይወትነው,,,,,,,,,,,
463,ውይ,ማሙሽ,እንዴ,እኮ,ገና,ጡት,ጠባ,አደገ,እኮ,ዝም,በላ,እሥቲ,ስርጉት,ድረስ,ጠባ,ጠበቀ,ፈለገ,,,,,,,,,,,
464,ቅድም,ያየሻቸዉ,ጎደኞቼ,ኮ,ቨርጅን,ሶስት,ቆመ,ጐበኘ,,,,,,,,,,,,,,,,,,,,
465,ፈቀቅ,ቻለ,እኮ,ጎበዝ,ጉዳይ,ጉድ,እለታዊ,የትኩረታችን,አቅጣጫ,በተነ,በርካታ,ሀቅ,እሥቲ,ይቺ,ዘ,,,,,,,,,,,,,
466,ድምጽ,ሰማ,አመነ,ከበደ,ይሄን,ጅልነት,,,,,,,,,,,,,,,,,,,,,,
467,ፊት,የነበው,መንግስት,ራስ,ሌባ,ነበረ,እንዴ,እኮ,ሰፈር,ሌባ,ሌባ,እትም,ሀገር,ይኖራ,,,,,,,,,,,,,,
468,ሞጣ,እውነተኛ,ፍትህ,እሠኪገኝ,አጀንዳ,ውድቅ,አጀንዳ,ጠለፋ,ሰካ,,,,,,,,,,,,,,,,,,,
469,ታጋቾች,አስቸኳይ,ለቀቀ,አለባቸው,አሳር,ተወ,አደገ,ልጅ,ትምህርት,ላከ,ጫካ,ገታ,ሰማ,ወላጅ,ከፍተኛ,ህመም,,,,,,,,,,,,
470,የሞጣው,ቃጠሎ,ተመለከተ,በዲሢ,የኢትዮጲያ,ኢምባሢ,ዝግጅት,ጀግና,እህት,ዘይት,ሁሴን,ሀሊማ,በሽር,አንጀት,ቅቤ,ጠጣ,ዘይት,ዶክተር,አብይ,ቃጠሎ,ተመለከተ,መስመር,ቲዊት,ድርግ,ጽዳት,ዘመቻ,,
471,ተቃዋሚ,ፓርቲ,ደገፈ,ተከላከለ,ሥራዊት,አጠቃላይ,ይሄን,ደንብ,ተገነዘበ,ሰአት,ለህገመንግሥቱና,መብት,በተጠንቀቅ,ቆመ,ተዘጋጀ,,,,,,,,,,,,,
472,ትክክል,ወከለ,ክልል,መራ,ድረስ,የትህነግ,ላከ,ሀገር,ራስ,ጥቅም,ቀደመ,ግልጽ,,,,,,,,,,,,,,,,
473,ምስራቅ,ጎጃም,መስተዳድር,ዞን,እነብሴ,ሳር,ምድር,ወረዳ,ኛው,ሩብ,አመት,ምክር,ቤት,ደበነ,ጉባኤ,ተካሄደ,,,,,,,,,,,,
474,እውስ,አመሠግናለው,ረጋ,አለፈ,ቸገረ,ተረፈ,ቻለ,,,,,,,,,,,,,,,,,,,,,
475,ትንሽ,ክፍሉሥጥ,ነኦ,ምሠራው,ምናልባት,ጊዜ,በሣምነት,በግሩፕ,አዘዘ,ጁይር,ድርጅቱሥጥ,ብዙ,ጊዜ,ላከ,,,,,,,,,,,,,,
476,አማራ,ከበበ,አሳምነው,ጽጌ,ጀግና,ነብይም,ጎበዝ,ወገን,ከበበ,ነፍጥ,አነሳ,የሁላችንም,ግዴታ,ወያኔ,ሰሜን,አብይ,ደቡብ,ምስራቅ,አማራ,ጦርነት,ከፈተ,ቀረ,መሰለ,,,,,
477,ግብጽ,ሱዳን,ህዳሴ,ግድብ,ቴክኒካል,ውይይት,ስምምነት,ተጠናቀቀ,ውይይት,ስምምነት,ቋጨ,ተከተለ,ውሀ,መስኖ,ኢነርጂ,ሚኒስትር,ኢንጂነር,ሺ,በቀለ,ተናገረ,መሀል,,,,,,,
478,ውይ,ውይ,ውይ,ጠዳ,ቤት,ድርግ,ለፖለቲከኝነት,በቃ,ሰው,ካደ,ገባ,,,,,,,,,,,,,,,,,
479,ኢትዮጵያዊ,ሀይማኖት,ባህላዊ,አምልኮ,መሰል,ቲዎሪን,እንደማሥክ,ጠቀመ,ሰው,ጠበቀ,ቸገረ,ነፈሰ,በረረ,ሳይንሳዊ,ነገደ,,,,,,,,,,,,,
480,ገደለ,ጽንፈኖችን,ተንከባከበ,እሹሩሩ,ግድያ,ለሠባዊ,መብት,ጥሠት,ሞገተ,ሚዛናዊ,ሰው,ቆመ,መቀመጫ,አጣ,ተባለ,,,,,,,,,,,,,
481,የታገቱት,ዩንቨርሥቲ,ማረ,ለቀቀ,በተደረግ,ኦፕሬሽን,የሣትላይትዋ,ሚና,ከፍተኛ,ደነበረ,አቶ_ንጉሡ,ጥላሁን,ገለጹዝርዝሩን,ዜና,ብሃላ,ቀረበ,ዋልታ,ቴቪ,,,,,,,,,,
482,ትዝ,አየለ,ደገመ,ህጻን,ልጅ,ጕርስ,እኮ,ናደ,ልጅ,ሞላ,ኋላ,ጕርስ,ጠበቀ,"""እዛው","""",,,,,,,,,,,,,
483,ጥቅል,ጎመን,አይብ,ወጣ,ሰው,,,,,,,,,,,,,,,,,,,,,,,
484,ቀነአ,ሳበ,ታኬ,ሰው,ችግር,ገባ,ቅን,ባረከ,አይነት,ሀላፊነት,ሰማ,ሰው,ተሰፋ,ወደደ,,,,,,,,,,,,,,
485,ከሞጣው,ሽብር,ተግባር,በሀላ,ክልል,ሄደ,እርሞጃዎች,,,,,,,,,,,,,,,,,,,,,
486,ሁሌም,አይነት,ውሳኔ,ጐዳ,ማህበረሰብ,ቸገረ,አንገት,ደፋ,ቤተሰብ,አሰበ,ማረ,አሰበ,ፈለገ,አዋቂ,"""እሠይ""",ተባለ,,,,,,,,,,,,
487,"""ሃቀኛ",ጠፋ,ዋለ,መልቲ,ጌጥ,ድንቁርና,ገደለ,ሎቲ,"""",እሥኪ,ጠየቀ,ዮሀንስ,አድማስ,,,,,,,,,,,,,,,
488,ኦማን,ብልጽግና,ተሻገረ,ታሪካዊ,ሱልጣን,ቃቡሥ,ቢን,ሠኢድ,አመት,አረፈ,,,,,,,,,,,,,,,,,,
489,"""እንግዲህ",ተወዳጀ,ሆይ,ተስፋ,ቃል,እግዚአብሄር,ፍርሀት,ቅድስና,ፍጹም,ድርግ,ስጋ,ነፈሰ,ረከሰ,ራስ,"እናንጻ""",ኛ,ቆሮንጦሥ,,,,,,,,,,,
490,አሜሪካ,ህዳሴ,ግድብ,አዲስ,ስምምነት,ሰነድ,ቀረበ,ፍላጎት,,,,,,,,,,,,,,,,,,,,
491,ዶር,ሚልኬሣ,ሚደቅሳ,በደረጉ,ቆይታ,"""ፊንፊኔሸገር",ኦሮሞ,,,,,,,,,,,,,,,,,,,,,
492,ከተማ,አስተዳደር,ከተማ,ነዋሪ,ህይወት,ቀየረ,ድርግ,እንቅስቃሴ,ደነቀ,ተወካዩች,ምክር_ቤት,ገለጸ,"""እንደሚያደንቅ""",የማነ,ኑሮ,ቀየረ,እሥኪ,ዳታ,ነገረ,,,,,,,,,
493,ጋዜጠኛ,እሥክንድር_ነጋ,መራ,"""የአዲሥ",አበባ,አደራ,ምክር_ቤት,"ባልደራሥ""",ራስ,ፖለቲካ,ፓርቲ,ቀየረ,አለመ,ስብሰባ,አቀደ,ስብሰባ,መንግስት,ጸጥታ,ሀይል,,,,,,,,,
494,ወለጋ,ጉጂ,ቦረና,ተደረገ,ጦርነት,በሚኒሊካውያንና,ብሄር,ብሄረሰብ,መሀከል,ቤት,የሚያኳኳ,ኦሮሞ,ጎን,ሚኒሊካውያንን,ውግድ,ፌዴራሊሥት,ሀይል,ግዴታ,,,,,,,,,,
495,ተናገረ,ፊት,አሰበ,ተገናዘበ,ረዳ,ስሜት,ጸዳ,በቂ,መረጃ,ያዘ,ግድ,,,,,,,,,,,,,,,,,
496,“የምትግደረደር,ሴት,ደሥ,"የምትለኝ""",,,,,,,,,,,,,,,,,,,,,,,,
497,አቢይ,መንግስት,ኦሮሚያ,ዩኒቨርሢዎችን,ዘጋ,አማራ,ክልል,ዩኒቨርሲቲ,ክፍት,ድርግ,ኦሮሞ,መራ,ጨረሰ,ሆን,,,,,,,,,,,,,,
498,አጼ,አብይ,ተከላከለ,ሰራዊት,ኦሮሚያ,ልዩ,ፖሊስ,መረቀ,ወጣት,ኦሮሞዎችን,ወለጋ,ዘመተ,ኦሮሞ,ኦሮሞ,ገደለ,አየ,ከፋ,አውሬነት,ለም,እባብ,ወለደ,እርግብ,እርግብ,ቻለ,,,,
499,ጀበሉ,ትክክለኛዉን,ታሪክ,ተነተነዉ,በረታ,ሀቅ,ይሄው,,,,,,,,,,,,,,,,,,,,,
500,ትዳር,መሰረተ,ለመደ,ዜና,ሰማ,ደቡብ,ሰሜን,ሄደ,መብት,ተከበረ,ጥቂት,ወታደርሾፌርመምህርየጤና,ባለሙያ,ሄደ,,,,,,,,,,,,,,
501,"""የዘመኑ",ወጣት,"ጉብል""",ተባለ,ደህናነህ,,,,,,,,,,,,,,,,,,,,,,,
502,ቻይናውያን,ጥንድ,ሀዋሳ,ሀይሌ,ሪዞርት,ዛሬ,ሰአት,ተሞሸረ,恭喜你结婚那天,መረጃ,ፎቶ,ደረሰ,ሀይሉ,ሀይለኪሮሥ,,,,,,,,,,,,,,
503,ባለስልጣን,አዘዘ,ግዴታ,መጥፎ,አዘዘ,ድረስ,ሴት,ከበረ,ናደ,ባህርይ,ተንከባከበ,ያዘ,አዘነ,ግድ,ህሙማንን,ጥር,ቃላቶች,አጽናና,ህክምና,በለጠ,,,,,,,,
504,አር,ዩ,ከሚንግ,ፋረ,ግብጽ,ቁልፍ,ተናገረ,,,,,,,,,,,,,,,,,,,,,
505,ባህል,አለም,ተሸነፈ,ትክክል,አሰበ,ባህል,መጣ,ተሸነፈ,በፍጡም,ልክ,ጮኸ,ወደደ,ባህል,አወቀ,ከዛ,ተሸነፈ,ባህል,ምድር,የሁላችንም,,,,,,,,,
506,ወያኔ,ብልጽግና,ፓርት,ጥገኛ,ፓርት,ቀጠለ,ከፈደራልሥት,ሀይል,ውህድ,ግንባር,ፈጠረ,ተዘጋጀ,ትህንጎች,ገለጸ,ወያኔ,የምዋሄደው,ጊዜ,ተወ,,,,,,,,,,
507,ተወ,ገባ,ጉብኝት,አጭር,እንዳልቋጨዉ,ቀረ,ልጅ,እረፍት,ጨረሰ,ኮሌጅ,መለሰ,ቈየ,,,,,,,,,,,,,,,,
508,አየ,ክልል,ተግባር,ተመለከተ,አቋም,ከውግዘት,ተቃራኒ,"""ተራ""",አሰበ,ተግባር,አረመ,እርምጃ,ወሰደ,ተቃጠለ,ሽብርተኛ,አካል,ከፋ,ሙስሊም,በደለ,,,,,,,,,
509,ገና,አበረ,ከበረ,ሀገር,ውሠጥ,ሩሲያ,ዩክሬይን,ግብጽ,ኤርትራ,ካዛኪሥታን,ቡልጋሪያ,እስራኤል,ሰርቢያ,ቤላሩስ,ሞንቴኔግሮ,ጆርጂያ,ፊላ,መልካም,ገና,ገና,,,,,,,,
510,በኦሮምያ,ሰላም,ደህንነት,ሀላፊ,ክልል,አይነት,ገታ,ፈጸመ,ደቂቃ,ልዩነት,,,,,,,,,,,,,,,,,,
511,የታገቱ,ማረ,ጉዳይ,አሳሳቢ,በተለይ,መንግስት,ሰጠ,ዋጋ,አስቸኳይ,መፍትሄ,አሁኑኑ,,,,,,,,,,,,,,,,,
512,በላ,እቁብ,እኮ,ተፋ,መሰለ,,,,,,,,,,,,,,,,,,,,,,,
513,አሞሌ,ሆይ,ራስ,ጣፈጠ,አለበለዚያ,"""ኮብል",ድንጋይ,"ነው""",ተባለ,ወረወረ,ሸገር,ሲስተም,ለም,ተባለ,ትኬት,ክልል,ቈረጠ,ደነገጠ,,,,,,,,,,
514,ጥር,ብሄራዊ,ምርጫ,ቦርድ,ዛሬ,እለት,አካሄደ,ውይይት,ግኝ*,ግብአት,ተካተተ,ይፋዊ,ምርጫ,ጊዜ,ሰሌዳ,አወቀ,ጥር,በርካታ,ተሳተፈ,ተገኘ,ኮንፍረንሥ,ተባለ,,,,,,
515,መላ,ክርስትና,እምነት,ተከታይ,ተወዳጀ,መልካም,,,,,,,,,,,,,,,,,,,,,,
516,ተደሰተ,ብይ,ነዋ,,,,,,,,,,,,,,,,,,,,,,,,,
517,ሪፖርትሀድያ,ሆሳእና,ሜዳ,ውጪ,ጣፈጠ,ድል,መዘገበ,,,,,,,,,,,,,,,,,,,,,
518,ተመሰገነ,እጆት,ባረከ,በይልኝ,,,,,,,,,,,,,,,,,,,,,,,,
519,ያሬዶ,ባተ,ንባብ,በቃ,ወለደ,አደገ,ጣሊያን,ሰፈር,እናት,ስም,ወላጅ,ወግ,ጠራ,ጀመረ,"""የመቤ","አባት""",እሱ,ባተ,መቤ,ቍልምጥ,ቅርብ,ወረት,ሳሳ,ቍልምጥ,,,,
520,በቀደም,አህመዲን,ጀበል,በሀላባ,ቤክ,ቀጠለ,ድርግ,ውርእ,ለፕሮቴሥታንት,ሀይማኖት,ከረከረ,ለም,ሃሣቦ,አወቀ,ዘለለው,ገመተ,ከበደ,ውሸት,አሥመሣይነት,ጨቋኝ,ተጨቋኝ,,,,,,,
521,ታህሳስ,ደረሰ,ሀገር,ምርት,ደረጃ,ፍላጎት,ሰበሰበ,ላከ,መረጃ,ግኝ*,ቻለ,ተባለ,,,,,,,,,,,,,,,,
522,የኢትዮ,ቴሌኮም,ሚሊዮን,ብር,ድጋፍ,ዩኒቨርሲቲ,ማረ,,,,,,,,,,,,,,,,,,,,,
523,ጻፈ,ጽሁፍ,ቴሌግራም,ቻነሌም,ግኝ*,ቻለ,ዩ,ካነ,ክሊክ,ኢት,ኤንድ,ፎሎው,ሚ,ዜር,,,,,,,,,,,,,,
524,የታገቱ,አማራ,ዩኒቨርሲቲ,ማረ,ጉዳይ,ተመሰገነ,ዶቸቨሌ,,,,,,,,,,,,,,,,,,,,,
525,ደላላ,የፌርማታ,ሌባ,ተግባር,መሰለ,ማጭበርበር,ዋነኛ,ስራ,,,,,,,,,,,,,,,,,,,,
526,ክፉ,ፈለገ,ጠየቀ,አወቀ,ፈለገ,አጀንዳ,ነዳ,ህግ,ህግ,ከበረ,ግዴታ,መብት,ማሠብኳ,ፈለገ,መንግስት,ትርጉም,አፈር,በላ,ተይኝ,,,,,,,,,
527,ተመሰገነ,ጀግና,ቤተሰብ,ሁላችሁን,እንኩኣን,ኣደረሣቹ,,,,,,,,,,,,,,,,,,,,,,
528,ዳነ,ልብ,ሰቀለ,,,,,,,,,,,,,,,,,,,,,,,,,
529,ዳያስፖራ,ኤጀንሲ,ደቡብ,ክልል,ልማት,ዳያስፖራ,ተሳተፈ,አደገ,ተቻለ,ክልል,ምፕሬዝዳንት,ውይ*,,,,,,,,,,,,,,,,
530,እንግዲያ,አየ,ፈለገ,መረጠ,አየ,ቀጠለ,የምትወቅሣቸወ,ሰው,ለአድሎአዊ,ስርአት,ነፈገ,አይን,በጎ,ስራ,ደገመ,መርህ,አንጻር,,,,,,,,,,,
531,ምኒልክ,መጣ,ሄደ,ዘመን,ወንድም,ሀረሪ,ተባለ,ክልል,አመት,ጽዳት,በቃ,አለፈ,ወቀሰ,ሰአት,በቃ,ገባ,ቆሻሻ,ጠየቀ,,,,,,,,,,
532,ሴት,የዘመናዊነት,ገለጠ,ስኬት,አድረገው,ቈጠረ,ነጣ,ጋ,አፍሪካ,ጠበሰ,የሚሣየኝ,ኢትዮጵያዊት,መሰለ,ሴት,ደረጃ,ወረደ,ጭንቅላት,ጸጉር,ተሸከመ,ዞረ,,,,,,,,
533,በለው,ማብራሪያተማሪዎች,ተማረ,ምንድነው,,,,,,,,,,,,,,,,,,,,,,,,
534,ያንን,መታ,ምግብ,በላ,ሰላም,አጣ,,,,,,,,,,,,,,,,,,,,,,
535,በግ,ደነቀ,ፍየል,ጫነ,ፈለገ,ሰላማዊ,ነገደ,ታገለ,,,,,,,,,,,,,,,,,,,,
536,መቸም,ለመደ,ቀልድ,እምር,ተላላከ,ተዘጋጀ,የማኸል,ሀገር,ሰላም,ረገጠ,መቐለ,ተሞሸረ,ውነት,ጎበዝ,ቁም,ናቀ,ጠራ,,,,,,,,,,,
537,ህወሀት,ትናንት,በመቀለ,ሢያካሂድ,የነበረዉን,አስቸኳይ,ጉባኤ,ደቂቃ,ፊት,ተጠናቀቀ,ድርጅት,ዝርዝር,ገለጠ,ጠበቀ,ስእል,አየ,አቶ,ጌታቸው,አሰፋ,ዉጪ,የተቀረት,ቱ,ፈጸመ,ኮሚቴ,አባል,,,
538,ጅብ,ችኩል,ቀንድ,ነከሰ,እጥፋት,ማረ,,,,,,,,,,,,,,,,,,,,,,
539,ጥር,የህወሃት,ንብረት,ከፈለ,ጥያቄ,ግንባር,ንብረት,ፈራ,አውድ,ጉዳይ,,,,,,,,,,,,,,,,,,
540,ሃሃሃ,ጥቂት,ደቂቃ,ፊት,ብይ,ጻፈ,ዉሥጥ,ወቃ,መቅዲዬ,,,,,,,,,,,,,,,,,,,
541,ህዳሴ,ግድብ,ትኵር,የሦሥትዮሽ,ውይይት,ነገ,አሜሪካ,ተካሄደ,ጉዳይ,ሚኒስትር,ገድ,አንዳርጋቸው,መራ,ልኡክ,ትናንት,ዲሢ,አመራ,,,,,,,,,,,
542,ጤና,ስራ,በሣይነሥ,አማካይ,መራ,ባህላዊ,እሴት,መራ,ይገኘል,እሱ,ወረዳ,ቀበሌ,ትሥሥር,,,,,,,,,,,,,,,
543,አርባ,ምንጭ,ነበረ,ባህላዊ,መስተንግዶ,ታህሳስ,,,,,,,,,,,,,,,,,,,,,,
544,ይቺ,ሀገር,ድሮ,ወረደ,ተዋረደ,መጣ,የሠልጣን,ዘመን,በሠልጣን,ተረከበ,ግድ,በፈላጉት,ጀመረ,መንግሠት,ሢያቃሸሸ,አልበረም,መንግሠታት,ራስ,ጠካራና,ደካማ,ጉን,ሠለነበራቸው,,,,,,
545,ቅርብ,የእ,ጀበል,ደገፈ,አማራ,ፍልስጤም,ሄደ,ያላቹሁ,ኢራን,ሄደ,ብትባበሩን,እረፍት,ወሥዳቹሁ,መለሰ,የኔዎቹ,አይመለከታቹሁም,ከወዲሁ,ይቅርታ,ጠየቀ,እስር,መልእክት,ተላለፈ,,,,,,
546,ምርር,ረካ,መሰለ,,,,,,,,,,,,,,,,,,,,,,,,,
547,የኮማሪዋ,ታሪክ,መሰለ,እጅ,መዳፍ,ታሪክ,ሚያቀው,እሄ,ምሳሌ,መሰለ,እሄን,መካሪ,አለበ,ችግር,ቀረፈ,ችግር,ሚጎትት,ሰለቸ,,,,,,,,,,
548,ይሄን,ጫረ,ሆን,ጭቅጭቅ,ፈጠረ,እንጅ,እውነት,ጠፋ,,,,,,,,,,,,,,,,,,,,
549,ሰማ,ሰማ,ሪፓርት,ድርግ,ሁላችንም,አበረ,,,,,,,,,,,,,,,,,,,,,,
550,ይሄ,ወንጀል,ቈጠረ,ስር,ቤት,ገባ,ሞት,ፍርድ,ፈረደ,በቄሮ,ወገረ,ሙት,ቤተሰብ,በቄሮ,ተፈናቅለዉ,ፍትህ,ግኝ*,ኑሮ,ተመሳቀለ,ቤተሰብ,ብትንትን,ነዛ,የደረሠዉ,መከራ,ቤተሰብ,መጣ,,
551,ውነታ,ላከ,ይሄ,መሬት,,,,,,,,,,,,,,,,,,,,,,,,
552,ፖለቲካ,ትግል,ሰላማዊ,"""እኔ",ተሻለ,ቻለ,ተባባለ,ውድድር,ስድብ,እይደለም,"""በሥድብ",ቻለ,"የለም""",ነሳ,መረጠ,ተባለ,ሰለጠነ,,,,,,,,,,,
553,እስር,ኖረ,መልካም,ብዙ,ተማረ,እነሱ,,,,,,,,,,,,,,,,,,,,,,
554,ቀድሞ,ሶስት,ክልል,አማራ,ኦሮሚያ,ትግራይ,ብዙ,ውርጋጥ,"""አክ","ቲቪሥት""",ባይ,ጎጠኛ,ፍትሀዊ,ምርጫ,ተካሄደ,አሰበ,ቀልድ,,,,,,,,,,,
555,ልዩ,ጥቅም,ልዩ,ዜጋ,ጥያቄ,,,,,,,,,,,,,,,,,,,,,,,
556,ሀጉዳዮ,በሀር,ሀይል,ተመለከተ,ኒኩሌር,ማብላሊያ,አለት,ኒኩለር,ሳለ,አስተማረ,እሥፔሥ,ሣተላይት,ነበረ,እሥፔሥ,ሳለ,ሦሣይቲ,ያቋቀመች,ወዘተ,መንግስት,,,,,,,,,
557,አመመ,አባት,አለም,ፈጠረ,ፊት,ነበረ,ክብር,ራስ,ክብር,ከበረ,,,,,,,,,,,,,,,,,,
558,መልካም,ስራ,ደነቀ,ድክመት,ተቸ,ለመደ,ምንአልባትም,ኢትዮጵያዊ,ትልቅ,ችግር,ቀረረ,,,,,,,,,,,,,,,,,
559,ዋጋ,ፋረ,ለቀቀ,,,,,,,,,,,,,,,,,,,,,,,,,
560,መንግስት,እምነት,እኩል,አየ,እሹሩሩ,መጠጠ,የእብሪተኝነት,ገለጠ,,,,,,,,,,,,,,,,,,,,
561,ግል,አየ,ቦታ,አየ,ብቃት,አነሰ,ተነሳ,ሰጠ,ጨረሰ,"""የኢትዮጵያ",ብልጽግና,ወሰነ,ምርጫ,አይካሄድ,አጭበርብሮም,"ያሽንፍ""",ሰው,ጤንነት,አጠራጠረ,,,,,,,,,
562,ሀሳብ,ሸጠ,ድሮ,ቀረ,ብዙ,ሰራ,ብዙ,ሰራ,ቻለ,ጠፋ,ድርግ,አዘነ,,,,,,,,,,,,,,,,
563,ደረጃእሥከመቼሥ,ቀለደ,ፊት,ጥይት,ድምጽ,ናፈቀ,ትዝ,ዘንድሮ,ሀገር,ተመለከተ,ድብልቅ,አወቀ,ጥሩ,ኖረ,አደገ,እደፍራለው,,,,,,,,,,,,
564,ስሜት,ገነገነ,ጊዜ,ውነት,እውነት,ፍትለፊት,ተናገረ,ፊት,ሄደ,እንጅ,ፈራ,ተሸማቀቀ,እትም,ደረሰ,ጉዳይ,ኢዜማ,ኪሳራ,,,,,,,,,,,
565,በአደግዳዲ,ጋዜጠኛ,ማንቆለጳጰሥ,የለመድው,የጲጲው,አለቃ,መሸረፈት,ሰላም,ሽልማት,በሚመለክት,ፕት,ትራምፓ,ተመለከተ,ጋዜጠኛ,ጠበቅ,ድርግ,ጠየቀ,ሀሳብ,ገለጸ,ቅእት,,,,,,,,
566,"""ከህሊናት",ራቀ,ድንቅ,ምስጢር,ነከረ,ምድራዊት,ሴት,እግዚአብሄር,ቃል,ወለደ,ድንግል,ፈጣሪ,ወለደ,እሱ,እናት,ፈጠረ,እርስ,እርስ,ፈጠረ,ስጋ,"ተዋሀደ""",ሃይማኖተ,አበው,ዘቅዱሥ,ኤፍሬም,,,
567,ሰመራ,አደረ,ትት,ቤት,ገነባ,አማራ,ክልል,ተቃጠለ,መሠጂዶችን,ገና,ገነባ,እንዴ,ሙድ,,,,,,,,,,,,,,,
568,ኦሮሞ,ፌደራላዊ,ኮንግረሥ,አዲስ,ጽፈት,ቤት,ምረቃ,ዝግጅት,ከፊል,ገጽታ,,,,,,,,,,,,,,,,,,
569,ሀገር,ወጣ,ስርአት,መሰለ,ደነበረ,ረዳ,ጥቂት,በለጠ,ግልጽ,መሰለ,,,,,,,,,,,,,,,,,,
570,መያዶች,ዘጋ,በተወሥነ,መልክ,ደሥ,ምክንቱም,ወገን,መጣ,ገንዘብ,በሥብሥባ,አበል,ደመወዝ,ጥቅማጥቅም,ዋለ,ይሄ,ተባለ,ችግር,ፈታ,ላላ,,,,,,,,,
571,እሥቲ,ሌሎችሁ,ዘር,ተደራጀ,ፓርቲ,ምርጫ,ቀረበ,ዘር,መረጠ,ፓርላማ,ገባ,አገር,ወከለ,ተዳደረ,በቃ,ኢዜማ,ሀገር,ደረጃ,ተወዳደረ,ቀሰቀሰ,ዘር,ፖለቲካ,ጉዳት,ሰበከ,ከሆን,,,
572,መድረክ,ጀርባ,ተወራ,ምርጥ,ቀላጺ,ነገረ,ፎቶ,ተነሳ,ለየ,,,,,,,,,,,,,,,,,,,
573,ሰው,ከፍተኛ,ስራ,አጥነት,ይነበብበታል,,,,,,,,,,,,,,,,,,,,,,,
574,–,ማረ,ተማረ,የዋህ,ሀበሻ,የመናፍቃን,ነብዮች,ተጫወተ,ምስክርነት,ደቂቃ,ሳመ,,,,,,,,,,,,,,,,,
575,መልካምነት,ራስ,አሜሪካ,ነሳ,ሢቲ,ነዋሪ,ሳራ,ዳርሊንግ,ስራ,ወጣ,ኖረ,ቀና,ሳለ,ኣንድ,እድሜ,ጠና,አዛውንት,ነገደ,ዳር,ቁጭ,ለመነ,ተመለከተ,,,,,,
576,ጌችዬ,ጀመረ,ነገረ,ወጣትነት,ዘመንክን,ሀገር,ደህንነት,ብዙ,ሰራ,ምስጋና,ተሳደደ,ቀሥ,ገብ,ውነት,ዘገየ,ትምወጣለች,,,,,,,,,,,,
577,ክፍል,"""መንፈሣዊ","ብሥለት""",ርእስ,ያእቆብ,መልእክት,ቀደም,ሰጠ,ትምህርት,ዘወትር,ተካፈለ,,,,,,,,,,,,,,,,,
578,አማራ,,,,,,,,,,,,,,,,,,,,,,,,,,,
579,መራ,ትግል,ፈርጥ,"""መሬት","ላራሹ""",ነውሣይመለሥ,አመት,አለፋትኢህአዴግ,ሀሳብ,ተቀበለ,ገበሬ,በትኒሽ,ገንዘብ,መሬት,ሸጠ,ችግር,ወደቀ,,,,,,,,,,,
580,ጥያቄ,ገና,ተጫወተ,ዱላ,በላ,ኳስ,ስም,በላ,ሸለመ,,,,,,,,,,,,,,,,,,,
581,ኦሮሚያ,ልዩ,ፖሊስ,ታከለ,ወረወረ,ሰራዊት,ደባ,አለጠ,በተጠንቀቅ,ተገኘ,ቀጣይ,ትልቅ,እቅድ,አአ,በኦፌኮ,ጥምረት,ሥር,ተሳካ,ብልጽግና,ሥር,ወደቀ,ታከለ,ራእይ,ጠነከረ,ቀጠለ,,,
582,ጥሩ,አቁዋም,ወደደ,,,,,,,,,,,,,,,,,,,,,,,,,
583,ኦሪት,ዘዳግም,ሰው,እግዚአብሄር,አፍ,ወጣ,ህይወት,ኖረ,እንጀራ,ህይወት,ኖረ,አወቀ,ተጨነቀ,ራበ,አወቀ,አባት,ወቃ,መና,በላ,,,,,,,,,
584,ዎላይታ,ኦሮሞ,ወንድማማችነት,ዘመን,ተሻገረ,ሰበረ,ድልድይ,ስል,የዎብን,ጽቤት,ሀላፊ,አቶ,አንዱአለም,ታደሰ,ቦልጣና,በፌሥቡክ,ሰፈረ,,,,,,,,,,,
585,"""የአሁን",ጊዜ,ብር,እኮ,ብር,"ነው""",አለመ,ብር,ሰጠ,"""ሂድ",ብር,ካርድ,ገዛ,"ና""",ብይ,ላቀ,,,,,,,,,,,,
586,ከመቆዘምና,ገፋ,አበረ,ተስፋ,ነው️,,,,,,,,,,,,,,,,,,,,,,,
587,ሀገር,ፍትህ,ስርአት,ገለልተኛ,ሚዛናዊ,ፍትህ,ተገኘ,አሰበ,ተጃጃለ,አምባገነን,ተገለገለ,ኤርሚያስ,አመልጋ,ምክንያት,ችሎት,ፍርድ,ቤት,,,,,,,,,,,
588,እትዮጵያ,መፈክር,ፈረሰ,መፈክር,ቀጠለ,ምትሃተኛው,ደፈነ,የፖሎቲካ,ሣይንቲሥት,ቡሃላ,እትዮጵያ,ጠቀለለ,ሚኒስትር,,,,,,,,,,,,,,,
589,ምድረ,ሽፍታ,የእፉኝ,ልጅ,ጥር,ወርቅ,ቀረ,ዘረፈ,ስንት,ኢላማ,አረገ,ግፍ,ገደለ,መንግድ,አሰረ,ብድር,ልጅ,አየ,እኞም,በቀለ,ተቀበለ,እግዚአብሄር,ይመስገን,,,,,
590,ታኬ,ድሀ,አባት,ልማት,መሪ,እግዚአብሄር,ጠበቀ,,,,,,,,,,,,,,,,,,,,,
591,አባይ,ወንዝ,ተፈጥሮአዊ,ፍሰት,ጠበቀ,ቀረበ,ጥያቄ,ውድቅ,ድርግ,,,,,,,,,,,,,,,,,,,
592,ቈላ,ፍላጎት,ትክክለኛ,ጥያቄ,ማንኛችንሥ,ሰአት,የምር,አሰበ,ተጨነቀ,አለነ,ውነት,ወይሥ,ስሜት,እውነት,ግራ,ገባ,,,,,,,,,,,,
593,አመት,ሙሉ,ፓርቲ,መንግስት,ደባልቀዉ,ጠቀመ,ቢሊዮን,ቈጠረ,ግብር,ከፋይ,ገንዘብ,ከነወለዱ,ቱም,ድርጅት,ከፈለ,አለባቸው,ለየ,ህወሀት,ነዉሡ,ዘረፈ,ገንዘብ,ህግ,ድርሻ,ነዉ,የሚያከፋፍላቸዉ,,,
594,አርሲ,ነገሌ,ያላቹ,እግዚአብሄር,እንባቹን,አብ,ጊዜ,ተባለ,ደስታ,ዘመረ,ቀን,ቶሎ,መጠጠ,,,,,,,,,,,,,,,
595,አወቀ,ህግ,ኖረ,ፓሥፖርቱም,ሰጠ,ደነቀ,"""ፓርቲ""",ጠራ,ቻለ,እንዴ,በብሄርበዘር,ድርጅት,ፖለቲካ,ፓርቲ,ወፍራም,መስመር,ይሠመር,,,,,,,,,,,
596,ህግ,ባለሙያ,ተናገረ,እደሠማውት,አመት,አመነ,ፈጀ,መሰለ,,,,,,,,,,,,,,,,,,,,
597,ካሳ,አራጌ,ኢትዮጵያዊ,ረገጠ,ቀጠረ,,,,,,,,,,,,,,,,,,,,,,,
598,አፍ,ሙልት,ልብ,ደረሰ,,,,,,,,,,,,,,,,,,,,,,,,
599,ጌታቸው,አረጋዊ,ጉዳይ,ኡራይና,መጽሄት,ባለቤት,ተዘጋጀ,,,,,,,,,,,,,,,,,,,,,
600,ዛሬ,ምርጥ,ቀን,ነገ,በለጠ,ተሻለ,እሥቲ,,,,,,,,,,,,,,,,,,,,,
601,አየ,"""እንደነበረን",ብልጫ,ፈጠረ,እድል,"አላሥቆጠርንም""",ገብረመድህን,ሀይሌ,መቐለ,,,,,,,,,,,,,,,,,,,
602,የትዊተርን,ማህበረሰብ,አማርኛ,አስተማረ,ቻለ,ረመረመ,ረገጠ,ድብይ*,ወቃ,ደቀደቀ,ወዘተ,አለቃ,ዚ,ተረጐመ,,,,,,,,,,,,,,
603,ቀኝ,ግራ,ተመለከተ,ዙሪያ,መተረ,አይን,አየ,ጨለማ,ነዉ,አይን,ነሳ,ፊት,ተስፋ,ተናገረ,ብሩህ,ቀን,ፊት,ያዘ,ጸንተሽ,ቆመ,,,,,,,,
604,ኢትዮጵያዊ,በአለበት,"""ድል",ዲሞክራሲ,"""",,,,,,,,,,,,,,,,,,,,,,,
605,አልሀምዱሊላህ,ነበረ,እንዴ,በለው,የማናቀው,ብዙ,ለቀቀ,ደግ,,,,,,,,,,,,,,,,,,,,
606,ገመተ,ህወሀት,ብልጽግና,ተዋህዳ,ምርጫ,ገነጠለ,መሰለ,ጀመረ,ደመረ,ብልጽግና,ህወሀትን,ቀላቀለ,ክልል,ተሸነፈ,ህወሀት,ብልጽግና,ተንሸራተተ,አሸናፊ,አውራ,,,,,,,,,
607,ፓርቲ,ዜግነት,ሰጠ,እንዴ,,,,,,,,,,,,,,,,,,,,,,,,
608,የከተማዉ,ትልቅ,ንግር,ፊልም,መሰለ,እዉነተኛ,ታሪክ,,,,,,,,,,,,,,,,,,,,,
609,ለመደ,በርታ,ተስፋ,ሰጠ,ፎቶ,ጆኒዬ,,,,,,,,,,,,,,,,,,,,,,
610,ጽንፈኛ,ፖለቲካ,ነፍጠኛ,ከበበ,የኛነው,አረደ,ዋሪ,ህይወት,አጣ,ቤተሰብ,አዛኝ,ለም,አጋር,ትህነግ,አሉ,ውዳቂ,,,,,,,,,,,,
611,ቅል,ራስ,ጭንቅላት,ልክ,ውጪ,ውስጥ,አዶ,ነዉ,,,,,,,,,,,,,,,,,,,,
612,"""ለሠዎች",በጎ,ሁንላትመሠገን,ቻለ,በጎ,ስራ,በጎ,መለሰ,ቻለ,ተባለ,ፍቅር,ዘራ,ከፍ,ከፍ,ድርግ,ጀርማንይ,ኬንት,የታነጸ,ታደለ,መሪ,ደገመ,ታላቅ,ጸጋ,,,,,
613,እገዛ,ሀገር,ጠላት,ተጠቃ,መደዴ,ጀግና,ሢያንቆለጳጵሥ,ዋለ,"""የ",ሉአላዊነት,"ይነካል""",ተመጻደቀ,ይዳዳዋል,ሀገር,ሉአላዊነት,አንድነት,,,,,,,,,,,,
614,ጉልቻ,ቀየረ,ወጥ,ጣፈጠ,ደደብ,ሁሌም,ደደብ,ነዉ,መቸም,አዲስ,መጣ,ኤርትራ,የነታምራት,አባት,መቃብር,ሆናለችእሡማ,ልብ,ዘላለማቹን,ማዉራት,ፈርሳም,ጥሬ,ስጋ,ዝም,ሆዳም,,,,
615,ላከ,ኦሮሞ,ሀገር,ቀጠለ,ወሳኝ,ማህበረሰብ,,,,,,,,,,,,,,,,,,,,,,
616,ገና,እርድ,እንስሳ,አዲ,አበባ_ከተማ,አደረ,ቄራ,ድርጅት,ቀረበ,ዎቹ,ሰንጋ,ቀረ,በግ,ፍየል,አወቀ,,,,,,,,,,,,,
617,መልካም,እለተ,ሰንበት,ሰንበት,ረድኤት,በረከት,ተሳተፈ,አምላክ,እመቤት,ሆይ,እስራት,ሀገር,አደራሽንባእታ,አራ,በእለተ,ቀኖ,ክፉ,ጠበቀ,ሠናይሠንበት,ኦርቶዶክሥተዋህዶለዘላለምጸንታትኑር,አሜን,,,,,,,
618,ቴአትር,ቤት,ሀላፊ,ብዝሀነትአካታችነት,ረገጠ,ለየ,ብሄረሰብ,ባህል,አየ,ቱፊታዊ,ቴአትር,አማርኛ,ቋንቋ,አማርኛ,ተናገረ,ተመልካች,ዝግጅ*,,,,,,,,,,,
619,አማራ,ውህዳን,ልዩ,ዞን,ተደራጀ,ድርግ,ፈለገ,ሰላማዊ,ሰልፍ,ድርግ,ክልል,እትም,ክልል,አሰበ,ቅዠት,,,,,,,,,,,,,
620,ናንት,ወጣት,መሰለ,ሽማግሌ,ገዛ,ሁላችሁም,ትህትና,እርስ,እርስ,ከበረ,“እግዚአብሄር,ኩራተኛ,ተቃወመ,ለትሁታን,ጸጋ,ሰጠ,”,ጴጥሮስ,,,,,,,,,,
621,አጠቃላይ,ወለጋ,የጃዋር,መንጋጋ,ነው¡¡,,,,,,,,,,,,,,,,,,,,,,,
622,አየ,አዘነ,,,,,,,,,,,,,,,,,,,,,,,,,,
623,መላ,አማራ,ድርጅት,ሀላፊ,ነበረ,ሃሃሃሃ,መታ,ትክክለኛ,ተናገረ,ናፈቀ,ተስፋ,ያሌለው,,,,,,,,,,,,,,,,
624,አሳዛኝ,ዜና,ኦሮሚያ,ክልል,ቦረና,ዞን,ድሬ,ወረዳ,ዛሬ,እለት,ዲሎ,ገበያ,ሰው,አፈረ,ተጓዘ,ነበረ,መለሰ,ተመካ,ገለበጠ,ሰባት,ሰው,ህይወት,አለፈ,መኪና,አደጋ,ዜጋ,ህይወት,ቀጠፈ
625,ደሳለኝ,ራህመቶ,መሬት,መሬት,ጠቀመ,ምግብ,ዋስትና,ርእስ,ፎረም,ፎር,ሦሻል,ሥተዲሥ,ተዘጋጀ,ህዝባዊ,ውይይት,መድረክ,ተገኘ,ምልከታቸውን,ተካፈለ,,,,,,,,,
626,ፈጠራ,ባለሙያ,ማህበር,ህጋዊ,እውቅናን,ተገኘ,መሰረተ,ማህበር,ታህሳስ,ሲቪል,ማህበር,ኤጄንሢ,መዘገበ,ሀገር,ቀፈፈ,ደረጃ,ፈጠራ,ዘርፍ,ቀሰቀሰ,እውቅ,ግኝ*,አወቀ,,,,,,
627,እውነተኛ,ሀይማኖተኛ,ሥው,ቀደመ,,,,,,,,,,,,,,,,,,,,,,,,
628,እንዲ,ዛር,ያዘ,ሚንጫጩብሽ,ሀኒቾ,ተሰማ,ተናገረ,ደገመ,ብልጽግና,ፓርቲ,ሰጠ,መብት,,,,,,,,,,,,,,,,
629,የማይዘምኑ,እንክፎች,ራበ,ቢስ,ቡክኖች,ወለጋ,መቐለ,ሰላም,ወረደ,ጸለየ,ሰላም,ሰፈነ,የበኩላችው,ድርግ,መቐለ,ወለጋ,አመሰ,የሚ,,,,,,,,,,
630,ኖረ,ከበበ,ትቤት,ነበረ,ሰአት,ደረሰ,እንሮጥነበር,እንዲ,ሮጠ,ትምህርት,ፍቅር,ነበረ,ሰራ,,,,,,,,,,,,,,,
631,ዘመናዊ,ተራማጆቹእንደ,እነ,ጀመረ,ደገመ,,,,,,,,,,,,,,,,,,,,,,,
632,አረ,ወዮ,ካቶሊክ,ጳጳስ,የታሉ,አሜሪካ,ኢራንን,ታገሰ,አለቀ,ፊት,,,,,,,,,,,,,,,,,,
633,እምነት,ተቋም,ጥቃት,ውይይት,ተደረገ,,,,,,,,,,,,,,,,,,,,,,,
634,ተመሰገነ,ሀኒቾ,ዶር,ባልደራስ,ቀላቀለ,,,,,,,,,,,,,,,,,,,,,,,
635,ሀገር,ኩባንያ,ይሄንን,ብር,ተረፈ,ደስተኛ,አጅግ,ውድ,ተጠቃሚ,አቅም,ተገነዘበ,ዋጋ,ጫነ,ዜጋ,አጅግ,አማርራቹአል,አማራጭ,ግኝ*,ድጋሚ,አንደማልጠቀም,ተናገረ,,,,,,,
636,ጠቀለለ,ምኒሥትር,አብይ,ሞጣ,ፈጸመ,መስጊድ,ቃጠሎ,ሙስሊም,ንብረት,ወደመ,ተመለከተ,ሙስሊም,ህብረተሰብ,ዛሬ,ተናገረ,ጠየቀ,ጅጅጋው,ቤተክርስቲያን,ቃጠሎ,ሰማ,መንግስታዊ,አድልዎ,ቀረ,,,,,
637,ይሄን,መሰል,ዘገነነ,ዘገነነ,ቅጥ,አጣ,ወጣ,ውጥእ,ግለሰብ,ታሪክ,አዉቃለሁ,ምሳሌ,ልብስ,ጫማ,ዘነጠ,ግዜ,ሚሊዮን,ብር,ውጥእ,ኸረ,ስንት,,,,,,,
638,ወለጋ,ምእራብ,ኦሮሚያ,ከበበ,ሰማ,ነፈሰ,ረበበ,ፈጠረ,ሰላሙ,ወረደ,,,,,,,,,,,,,,,,,,
639,ምሳሌ,ትእቢት,መጣ,ውርደት,መጣ,በትሁታን,ጥበብ,ተገኘ,,,,,,,,,,,,,,,,,,,,
640,ተንኮል,ጠባብ,ዘረኝነት,መረዘ,ልብ,ጸዳ,ለአላህ,ሰገደ,ይሄን,ጥቁር,መርዝ,ልብ,ያዘ,ሰገደ,አፈረ,ቀጠለ,ደሞ,አማራ,ሙስሊም,ጥርት,አማራ,እሥቲ,ቅጥል,ሊያ,ኩሩ,ነፍጠኛ,,
641,ፊት,ተከብሎኛል,እጅ,አቀፈ,ጌታ,ሆይ,ደሥ,,,,,,,,,,,,,,,,,,,,,
642,እብደት,ቀጠለ,እንደተወገዘ,ወዲያው,ምላሽ,አግኝቷልየሞጣው,መንግስት,እጅ,አሁንደግሞ,ጭራ,ተቃጠለ,ጨፈረ,ሙስሊም,አረፍት,ልዮነት,,,,,,,,,,,,,
